SNP,gene,trait,z_mtag,z_raw,side,raw_sig,sign_match,borrowed_frac
rs10107982,CASC8,GC,6.291396306256113,-0.606624706774037,up,False,False,0.9035786847236417
rs10107982,CASC8,PRAD,-14.809950350645297,-16.4446646031576,down,True,True,-0.11037945528568754
rs10505477,CASC21,SCLC,6.7099868738343575,-1.04829654710579,up,False,False,0.8437707007753429
rs10505477,CASC21,PC,-5.668400517516277,0.298266199148891,down,False,False,0.947380888448655
rs10505477,CASC21,GC,9.123520194642394,1.39075412022813,up,False,True,0.8475638689280457
rs10505477,CASC21,PRAD,-21.795800414016053,-24.0678443478961,down,True,True,-0.10424228019719707
rs10743181,MIR4686,GC,8.009487637330691,2.55104648497388,up,False,True,0.6814969195927165
rs10743181,MIR4686,PRAD,-14.236426241952316,-15.5233305491333,down,True,True,-0.09039517961247166
rs10808556,CCAT2,SCLC,5.707744872605501,-1.27306493648509,up,False,False,0.7769583320734595
rs10808556,CCAT2,GC,7.885477561990518,1.34724915983621,up,False,True,0.8291480573947476
rs10808556,CCAT2,PRAD,-18.373197613194822,-20.447835958939,down,True,True,-0.1129165640854079
rs10840584,MIR4686,PC,-5.854580553298729,-1.011452300474,down,False,True,0.8272374440378819
rs10840584,MIR4686,GC,8.378894081856284,2.34789189711801,up,False,True,0.7197849890235334
rs10840584,MIR4686,PRAD,-15.267512379410071,-16.6560503583924,down,True,True,-0.09094723124999228
rs10896429,TPCN2,SCLC,-5.719549355042933,-1.23112798591122,down,False,True,0.7847508764260014
rs10896429,TPCN2,PRAD,13.090324028619047,14.2959557678319,up,True,True,-0.09210098516866431
rs10896439,LOC338694,GC,-6.019779452931195,0.294599296034572,down,False,False,0.9510614469619608
rs10896439,LOC338694,PRAD,13.236434430360475,14.6503112486889,up,True,True,-0.1068170454639512
rs10956367,POU5F1B,SCLC,5.557400882510166,-1.306560556359,up,False,False,0.7648971913343684
rs10956367,POU5F1B,GC,7.860336443568785,1.40911894438528,up,False,True,0.8207304541603686
rs10956367,POU5F1B,PRAD,-18.29222908438974,-20.3326741962148,down,True,True,-0.11154710026927996
rs11043050,MIR4686,GC,5.53552334854266,0.148941239125336,up,False,True,0.9730935577817501
rs11043050,MIR4686,PRAD,-7.790107493940309,-8.52948551623617,down,True,True,-0.09491242872720314
rs11043143,MIR4686,PC,-5.752826777094207,-0.840014957657814,down,False,True,0.8539822264417093
rs11043143,MIR4686,GC,8.708470207907922,2.33736910752418,up,False,True,0.7315981967301582
rs11043143,MIR4686,PRAD,-15.923177444396693,-17.4094849794695,down,True,True,-0.09334239603012359
rs11097882,TET2-AS1,SCLC,-5.744699788295353,-2.20616284139913,down,False,True,0.6159655120892273
rs11097882,TET2-AS1,GC,-6.79456980364102,-2.18744574249617,down,False,True,0.6780597144908308
rs11097882,TET2-AS1,PRAD,12.793249976339688,13.8516055950957,up,True,True,-0.08272765878204323
rs113094235,KRT18,GC,-8.302844235907322,-0.120988681738025,down,False,True,0.9854280438967186
rs113094235,KRT18,PRAD,12.193164255326424,13.2569838455811,up,True,True,-0.08724721228863624
rs11564691,MIR4686,GC,-7.380466549788242,-2.71105252900419,down,False,True,0.6326719306001088
rs11564691,MIR4686,PRAD,10.569145297251486,11.4990987498932,up,True,True,-0.08798757387539641
rs117520198,MIR4686,GC,-8.10136887629709,-1.96824373793057,down,False,True,0.7570480041108559
rs117520198,MIR4686,PRAD,12.285010880314244,13.4579983470488,up,True,True,-0.09548119070974331
rs11768309,LMTK2,GC,6.407060958799037,2.02051495975828,up,False,True,0.6846424635646026
rs11768309,LMTK2,PRAD,-11.750509013906068,-12.5544675457533,down,True,True,-0.06841903877489827
rs11782388,NKX3-1,SCLC,7.314229624916082,2.5456643724987,up,False,True,0.6519572801178077
rs11782388,NKX3-1,GC,6.341182176663193,1.38648125569733,up,False,True,0.7813528744214516
rs11782388,NKX3-1,PRAD,-14.908248383190406,-16.1355600440419,down,True,True,-0.08232433679031881
rs118097379,CCAT2,GC,-7.901947777601777,0.410553454093707,down,False,False,0.9480440183042682
rs118097379,CCAT2,PRAD,12.239299712489773,13.4474438380036,up,True,True,-0.09871023292949999
rs11992171,CASC8,SCLC,7.942837752634457,-0.332540716413732,up,False,False,0.9581332608357214
rs11992171,CASC8,PC,-6.404001379173697,0.523537876646617,down,False,False,0.9182483191916226
rs11992171,CASC8,GC,8.131791767394072,0.702126944830308,up,False,True,0.9136565513586297
rs11992171,CASC8,PRAD,-22.71198841486538,-25.0054010573489,down,True,True,-0.1009780650021133
rs12169371,BIK,GC,6.963724273329675,0.516650723916377,up,False,True,0.9258082739009219
rs12169371,BIK,PRAD,-11.662197106940113,-12.9498544344517,down,True,True,-0.11041292783032357
rs12223972,LOC338694,SCLC,-5.489863222153616,-1.13510578019561,down,False,True,0.7932360544767234
rs12223972,LOC338694,PRAD,13.749766132772509,15.1930818220447,up,True,True,-0.10497019915357358
rs12418451,LOC338694,SCLC,-5.644364512585589,-1.00600742161142,down,False,True,0.8217678147170929
rs12418451,LOC338694,GC,-6.85092885365558,-0.0556758984048143,down,False,True,0.9918732336017317
rs12418451,LOC338694,PRAD,13.674865020928632,15.0532061964627,up,True,True,-0.10079376823278273
rs12418968,LOC338694,SCLC,-5.9543827853699485,0.353025931560066,down,False,False,0.9407115826635367
rs12418968,LOC338694,GC,-9.044429035147983,-0.359260795335854,down,False,True,0.9602782227667757
rs12418968,LOC338694,PRAD,16.84005331304628,18.5276791186602,up,True,True,-0.10021499185554754
rs12670686,LMTK2,GC,6.205421846895036,2.01029477092834,up,False,True,0.676042206230634
rs12670686,LMTK2,PRAD,-11.373911676299883,-12.2144048638354,down,True,True,-0.07389658118120207
rs12796066,LOC338694,GC,-5.876143093973851,-0.483698299812918,down,False,True,0.917684390581134
rs12796066,LOC338694,PRAD,13.169015475340318,14.5113364103962,up,True,True,-0.1019302420571568
rs13240869,LMTK2,GC,5.8503921187539785,1.62435530584244,up,False,True,0.7223510368415449
rs13240869,LMTK2,PRAD,-11.316301809108984,-12.1757946723834,down,True,True,-0.07595174446324625
rs13256300,NKX3-1,SCLC,6.847495322558115,2.50134095643064,up,False,True,0.6347071682998714
rs13256300,NKX3-1,GC,6.010385061988849,1.51252640706178,up,False,True,0.7483478360434228
rs13256300,NKX3-1,PRAD,-13.793034838915052,-14.9433892323893,down,True,True,-0.08340110837889646
rs13262683,NKX3-1,SCLC,6.959717583816786,2.56677565774364,up,False,True,0.6311954290053259
rs13262683,NKX3-1,GC,6.054642991204706,1.53128083513836,up,False,True,0.7470898222466991
rs13262683,NKX3-1,PRAD,-13.750671882251472,-14.9090310756962,down,True,True,-0.08424018865142634
rs139653137,KRT78,GC,-6.121444136083636,1.27899163954767,down,False,False,0.7910637406607225
rs139653137,KRT78,PRAD,10.076170549916334,10.9066769875247,up,True,True,-0.08242282457349447
rs1398240,NKX3-1,SCLC,6.850406677591475,2.49895251590253,up,False,True,0.6352110708876728
rs1398240,NKX3-1,GC,6.007095274505414,1.50860404444118,up,False,True,0.7488629736165806
rs1398240,NKX3-1,PRAD,-13.80817510506774,-14.9585393655196,down,True,True,-0.08331037604162952
rs1487240,PCAT1,GC,5.980050392518892,1.57828565473764,up,False,True,0.736074857042661
rs1487240,PCAT1,PRAD,-14.490914458954949,-15.9038999031878,down,True,True,-0.09750836969158064
rs17027650,WDPCP,GC,-5.597784467581624,-1.7087352578229,down,False,True,0.6947479368456081
rs17027650,WDPCP,PRAD,6.64181068005182,7.35197454958768,up,True,True,-0.10692323279686122
rs1866343,NKX3-1,SCLC,6.078040789515805,2.15026448429194,up,False,True,0.6462240779954956
rs1866343,NKX3-1,GC,5.475443540375466,1.40844277713489,up,False,True,0.7427710163114368
rs1866343,NKX3-1,PRAD,-12.67240967520924,-13.697555576046,down,True,True,-0.08089589329188361
rs2124597,PCAT1,GC,6.871895953393401,-0.670090657690692,up,False,False,0.9024882416387874
rs2124597,PCAT1,PRAD,-13.205144577327347,-14.6111381709335,down,True,True,-0.10647316925406347
rs28615829,PCAT1,GC,5.691418252455411,1.55940734063352,up,False,True,0.726007249605886
rs28615829,PCAT1,PRAD,-13.405854246088174,-14.6909809254056,down,True,True,-0.09586309501257087
rs35907927,CASC8,GC,7.176632120862939,0.201893479141851,up,False,True,0.9718679353014441
rs35907927,CASC8,PRAD,-11.638379256038196,-12.5021601101954,down,True,True,-0.07421831125747679
rs381194,SLC22A2,GC,5.483321557178074,-1.57437837581638,up,False,False,0.7128787069298531
rs381194,SLC22A2,PRAD,-9.645261189098736,-10.6823612772296,down,True,True,-0.10752431352538323
rs4075003,MIR4686,GC,-8.554350205043875,-1.95038708515705,down,False,True,0.7720005566282463
rs4075003,MIR4686,PRAD,13.330610378093995,14.6326423435271,up,True,True,-0.09767234421408912
rs4242384,CASC8,SCLC,9.409069028055042,0.0881933533397301,up,False,True,0.9906267715672228
rs4242384,CASC8,PC,-6.260707601016839,2.09941878714607,down,False,False,0.6646674911307004
rs4242384,CASC8,GC,9.4344886484427,0.843945251328806,up,False,True,0.910546794555939
rs4242384,CASC8,PRAD,-26.42129418104237,-29.0839459271006,down,True,True,-0.10077673439511978
rs4431561,CASC8,SCLC,9.165280657010864,0.102034866541585,up,False,True,0.9888672403650253
rs4431561,CASC8,PC,-5.887274802920421,2.14541100474117,down,False,False,0.6355850412015888
rs4431561,CASC8,GC,8.960664382383703,0.687289998721495,up,False,True,0.9232992142778298
rs4431561,CASC8,PRAD,-25.518795256289778,-28.125122042225,down,True,True,-0.10213361405816468
rs4871022,POU5F1B,SCLC,5.66795722472663,-1.24270652117747,up,False,False,0.7807487826908561
rs4871022,POU5F1B,GC,7.748045466514647,1.24590302338507,up,False,True,0.8391977655823537
rs4871022,POU5F1B,PRAD,-18.35654604558716,-20.4236823380471,down,True,True,-0.11261030737080702
rs4871803,CASC8,SCLC,5.882396467736295,0.309145301736418,up,False,True,0.9474456875812409
rs4871803,CASC8,GC,6.009310353483824,0.969090574559027,up,False,True,0.8387351430439587
rs4871803,CASC8,PRAD,-15.268069846916642,-16.6650733232075,down,True,True,-0.09149836818260175
rs4872171,NKX3-1,SCLC,6.986910943154402,2.58357184107894,up,False,True,0.6302268825094646
rs4872171,NKX3-1,GC,6.050027056794233,1.52483603284211,up,False,True,0.7479621134702685
rs4872171,NKX3-1,PRAD,-13.759246258692327,-14.9184002966297,down,True,True,-0.08424546055385004
rs4872175,NKX3-1,SCLC,7.3833719340119455,2.60433698221275,up,False,True,0.64726997292176
rs4872175,NKX3-1,GC,6.221703600877524,1.19164620404546,up,False,True,0.8084694674498175
rs4872175,NKX3-1,PRAD,-14.842011871346234,-16.0997831983848,down,True,True,-0.08474399144409793
rs55914512,KRT8,GC,-7.965241354775758,0.39072570019687,down,False,False,0.9509461568339544
rs55914512,KRT8,PRAD,11.86960478722276,12.9937841097797,up,True,True,-0.09471076271781866
rs62113214,KLK3,PC,-7.484686548803832,-1.7838994826873,down,False,True,0.7616600947741232
rs62113214,KLK3,GC,11.411539869381256,1.58926755705139,up,False,True,0.8607315423472677
rs62113214,KLK3,PRAD,-17.563184922388754,-19.0406745320175,down,True,True,-0.08412424148340605
rs6470494,PCAT2,PC,-5.556602990443203,-0.297218105399248,down,False,True,0.9465108257850287
rs6470494,PCAT2,GC,5.81771682037483,0.274240247805407,up,False,True,0.9528611900041333
rs6470494,PCAT2,PRAD,-15.921278021237072,-17.4059901329291,down,True,True,-0.09325332487201105
rs6533183,TET2-AS1,GC,-5.772210025976064,-1.50626172327825,down,False,True,0.7390493907013466
rs6533183,TET2-AS1,PRAD,12.72366911950095,13.8246065259665,up,True,True,-0.0865267240231983
rs6579001,MIR4686,PC,-5.8413373062921625,-1.00084861943552,down,False,True,0.8286610467850525
rs6579001,MIR4686,GC,8.640013337827122,2.29418281493559,up,False,True,0.7344699915113146
rs6579001,MIR4686,PRAD,-15.888613350924208,-17.3849932251985,down,True,True,-0.09417938754153457
rs7018368,POU5F1B,SCLC,5.607980597801388,-1.25848613056265,up,False,False,0.7755901418317959
rs7018368,POU5F1B,GC,7.8406626276991185,1.39405830062268,up,False,True,0.8222014685725901
rs7018368,POU5F1B,PRAD,-18.27786797754718,-20.3213825428459,down,True,True,-0.11180267675688452
rs7109219,MIR4686,PC,-5.721478291054527,-1.48592106895298,down,False,True,0.7402907092601921
rs7109219,MIR4686,GC,7.884441256720722,3.01913206595045,up,False,True,0.6170772325335125
rs7109219,MIR4686,PRAD,-13.101474097889884,-14.1612668021851,down,True,True,-0.08089110403736213
rs7126857,MIR4686,PC,-5.8895498606414165,-1.05418112484249,down,False,True,0.8210082010023629
rs7126857,MIR4686,GC,8.386638890898432,2.35605867554155,up,False,True,0.7190699747310626
rs7126857,MIR4686,PRAD,-15.264065239453778,-16.6544318553142,down,True,True,-0.09108757031951578
rs7127599,MIR4686,PC,-5.821632287299172,-0.84233583134688,down,False,True,0.8553093376947611
rs7127599,MIR4686,GC,8.86734347636853,2.33949171227726,up,False,True,0.7361676900740334
rs7127599,MIR4686,PRAD,-15.924824672241634,-17.393236755106,down,True,True,-0.09220899526912443
rs71277158,PRKCI,GC,5.976675972184967,-0.0514085146963621,up,False,False,0.9913984771910651
rs71277158,PRKCI,PRAD,-12.29522146600745,-13.6047206553591,down,True,True,-0.10650472567509407
rs71455921,MIR4686,PC,-5.926016525547616,-1.54353921651767,down,False,True,0.7395317394301338
rs71455921,MIR4686,GC,7.951674689310951,2.98627344635065,up,False,True,0.6244472311769805
rs71455921,MIR4686,PRAD,-13.1216789441945,-14.1902384996892,down,True,True,-0.08143466701473202
rs7223387,HNF1B,GC,5.831938519373631,2.44463202257292,up,False,True,0.5808199941662826
rs7223387,HNF1B,PRAD,-10.899405570918796,-11.6784828756088,down,True,True,-0.07147888016651989
rs72853920,MIR4686,GC,-8.077849050391228,-1.93917526844299,down,False,True,0.7599391550465935
rs72853920,MIR4686,PRAD,12.179741728134363,13.3511719126744,up,True,True,-0.09617857346138256
rs72853954,MIR4686,GC,-8.614611203408632,-1.97401532860328,down,False,True,0.7708526499928167
rs72853954,MIR4686,PRAD,13.447887750880318,14.7710432158297,up,True,True,-0.09839132282040103
rs72853963,MIR4686,PC,5.621321670274325,1.03965546120651,up,False,True,0.8150514198993039
rs72853963,MIR4686,GC,-9.328677449897103,-2.17767824053877,down,False,True,0.7665608815145828
rs72853963,MIR4686,PRAD,15.01245934458786,16.4661785436239,up,True,True,-0.09683418057415893
rs7395734,MIR4686,PC,-5.732881844287653,-0.839301752596442,down,False,True,0.853598630602733
rs7395734,MIR4686,GC,8.697912509409388,2.3625437295764,up,False,True,0.7283780761164701
rs7395734,MIR4686,PRAD,-15.881787962995803,-17.3640257889382,down,True,True,-0.09332940531607502
rs75321049,WDPCP,GC,-5.519026665049212,-1.70534553405596,down,False,True,0.6910061071356043
rs75321049,WDPCP,PRAD,6.611105394187908,7.26296355391493,up,True,True,-0.0986004791725294
rs75753382,POU5F1B,GC,-7.265446497233726,0.601660722581377,down,False,False,0.9171887477513659
rs75753382,POU5F1B,PRAD,11.603793163975268,12.7537505841369,up,True,True,-0.0991018543601544
rs77050488,HNF1B,GC,5.601675771830944,2.17633794773452,up,False,True,0.6114844849324134
rs77050488,HNF1B,PRAD,-7.720168363239391,-8.20773500308487,down,True,True,-0.06315492317072946
rs7791463,LMTK2,GC,6.457730185246685,1.99511810651048,up,False,True,0.6910496336516936
rs7791463,LMTK2,PRAD,-11.851185511528746,-12.6655883796459,down,True,True,-0.06871910555487545
rs7804318,LMTK2,GC,6.356840569905824,2.12292663639539,up,False,True,0.6660406041256371
rs7804318,LMTK2,PRAD,-11.53219060051618,-12.347146448763,down,True,True,-0.07066791353676918
rs7808528,LMTK2,GC,6.614154410418756,2.17929177303497,up,False,True,0.6705109016502391
rs7808528,LMTK2,PRAD,-11.792955699235518,-12.6305353371075,down,True,True,-0.07102372460589139
rs7823297,PCAT1,GC,5.795379446896654,1.71809109966322,up,False,True,0.7035412235892105
rs7823297,PCAT1,PRAD,-13.343721637785908,-14.6192885173558,down,True,True,-0.09559303724965472
rs7823764,PCAT1,GC,5.7887418165493525,1.71366646050339,up,False,True,0.7039656431723708
rs7823764,PCAT1,PRAD,-13.332190884460868,-14.6072786833847,down,True,True,-0.09563977968617236
rs7829619,NKX3-1,SCLC,7.046930130988801,2.64382841192695,up,False,True,0.6248255108560333
rs7829619,NKX3-1,GC,5.992509516365944,1.524435330641,up,False,True,0.7456098606973147
rs7829619,NKX3-1,PRAD,-13.587869962750352,-14.7409693690711,down,True,True,-0.08486241106824276
rs7835802,NKX3-1,SCLC,7.053362215126093,2.73854614205684,up,False,True,0.611738904293903
rs7835802,NKX3-1,GC,5.828947101702393,1.40037851605055,up,False,True,0.7597544648086517
rs7835802,NKX3-1,PRAD,-13.488486893716455,-14.6275192381161,down,True,True,-0.08444478267834901
rs7837328,POU5F1B,GC,7.754635464440154,1.40439923019212,up,False,True,0.8188955191211543
rs7837328,POU5F1B,PRAD,-18.35203231853281,-20.3430479252675,down,True,True,-0.10849019728044289
rs7837688,CASC8,SCLC,9.063986606204647,0.450970237263489,up,False,True,0.9502459285459687
rs7837688,CASC8,PC,-5.870676442668929,2.02673031922422,down,False,False,0.6547705636621958
rs7837688,CASC8,GC,9.070940327301594,0.868537778817914,up,False,True,0.9042505244793859
rs7837688,CASC8,PRAD,-24.85773991963293,-27.3712687957702,down,True,True,-0.10111654898086911
rs79357683,WDPCP,GC,-5.8934864767849,-1.75916197980422,down,False,True,0.7015074206526553
rs79357683,WDPCP,PRAD,7.130155315145921,7.8632141932421,up,True,True,-0.10281106731840894
rs79485992,LOC338694,GC,-8.780439064887759,0.256195348713249,down,False,False,0.9708220344313131
rs79485992,LOC338694,PRAD,13.702624419364149,14.9210942750837,up,True,True,-0.08892237125011213
rs8079315,CASC17,SCLC,5.4875593061450445,-0.0917923779629128,up,False,False,0.9832726403776407
rs8079315,CASC17,PRAD,-15.136220737945878,-16.8960344514054,down,True,True,-0.11626506668522217
rs847560,LMTK2,GC,-6.084942079645142,-1.60861752407894,down,False,True,0.7356396325513175
rs847560,LMTK2,PRAD,11.734985250889771,12.653353114635,up,True,True,-0.07825897042994541
rs9656816,CASC8,SCLC,8.915257605415256,0.657738778054096,up,False,True,0.9262232447826773
rs9656816,CASC8,PC,-6.540413466026918,1.41865370617274,down,False,False,0.7830941860875159
rs9656816,CASC8,GC,14.717075381096066,0.733587797808041,up,False,True,0.9501539688550942
rs9656816,CASC8,PRAD,-22.900028202152928,-25.1250287376098,down,True,True,-0.09716147577703374
rs9911515,CASC17,SCLC,6.606755593778692,0.0395950172300247,up,False,True,0.9940068893622598
rs9911515,CASC17,PC,-6.21198598961743,-1.39638031402188,down,False,True,0.7752119344190799
rs9911515,CASC17,PRAD,-18.41488088450855,-20.4463817024146,down,True,True,-0.11031843380616413
