gene_id,sigma_hat,median_tpm,n_pairs
ENSG00000074800,0.207898157020838,675.227,400
ENSG00000175756,0.21996766497716144,73.7294,400
ENSG00000244038,0.23828947083875446,166.079,400
ENSG00000134686,0.23870276627522674,145.282,400
ENSG00000120942,0.24476980789666228,7.598389999999999,400
ENSG00000117751,0.249928108127703,26.9314,400
ENSG00000142676,0.25140581449186,711.6239999999999,400
ENSG00000116649,0.2582476418972861,61.2166,400
ENSG00000053372,0.25913583708344345,18.0854,400
ENSG00000117682,0.26341721798389073,17.0461,400
ENSG00000162511,0.2657562152889447,301.517,400
ENSG00000134684,0.26675818516752126,34.5684,400
ENSG00000117305,0.26734577633291795,19.204,400
ENSG00000117308,0.2686531224438022,17.5386,400
ENSG00000117118,0.2698817953077161,81.1531,400
ENSG00000116786,0.2702001296338052,106.789,400
ENSG00000125944,0.2708909308166755,38.0958,400
ENSG00000084623,0.271084670888876,192.887,400
ENSG00000078369,0.2743764152755053,248.57,400
ENSG00000116288,0.27458906970777075,164.313,400
ENSG00000060688,0.27677199548355724,15.5595,400
ENSG00000182866,0.27784536756481565,13.784,400
ENSG00000175707,0.28014171246146774,7.25784,400
ENSG00000065526,0.2841158156029796,32.8227,400
ENSG00000176022,0.2867982123929122,15.0709,400
ENSG00000048707,0.2888459991316036,16.0945,400
ENSG00000184007,0.2888842370059161,102.70100000000001,400
ENSG00000169504,0.2900562220362867,233.49599999999998,400
ENSG00000116251,0.29088263787097457,170.636,400
ENSG00000127481,0.2927422979266051,36.4026,400
ENSG00000157916,0.2966957262509143,64.2008,400
ENSG00000127483,0.29823396711088157,89.6136,400
ENSG00000142609,0.29883338005345317,1.46181,400
ENSG00000271895,0.30084443059363725,21.5045,400
ENSG00000162522,0.30707546967562044,36.0045,400
ENSG00000162526,0.30739710010051724,11.0945,400
ENSG00000116670,0.30751518838430086,26.2829,400
ENSG00000176261,0.3076018011228431,16.0211,400
ENSG00000198793,0.3082087974096278,15.2756,400
ENSG00000142669,0.3096371166119173,232.025,400
ENSG00000116685,0.30991112305985064,42.8928,400
ENSG00000117758,0.3101949344606461,84.2562,400
ENSG00000007923,0.3145690736144928,18.1061,400
ENSG00000116353,0.3148744182177008,8.4004,400
ENSG00000130772,0.31493484993106874,8.20364,400
ENSG00000009724,0.3152097407101264,3.6771599999999998,400
ENSG00000025800,0.31560404236563544,33.6744,400
ENSG00000160094,0.3157910221224303,26.2072,400
ENSG00000130764,0.3157999578306552,28.9532,400
ENSG00000242485,0.31587355150716534,71.6695,400
ENSG00000169403,0.3159146345947119,13.3569,400
ENSG00000162441,0.31596869611158074,11.882,400
ENSG00000157873,0.3161239803382637,164.57299999999998,400
ENSG00000067606,0.3166562149737944,21.1824,400
ENSG00000188976,0.3171288376736174,55.2098,400
ENSG00000107404,0.3185312540233358,72.1086,400
ENSG00000084652,0.31855448742702575,50.0748,400
ENSG00000157330,0.3203242166247617,0.274019,400
ENSG00000116809,0.32039243814741636,31.7965,400
ENSG00000189266,0.32056006600837095,105.12,400
ENSG00000186501,0.32160243814712125,36.5743,400
ENSG00000080947,0.3230916256799278,4.74501,400
ENSG00000197530,0.32326244661292014,39.626,400
ENSG00000004455,0.3241615151837893,44.7906,400
ENSG00000040487,0.3242310578349741,16.718,400
ENSG00000116237,0.3243536518725253,32.6315,400
ENSG00000221978,0.3252343125745322,202.22400000000002,400
ENSG00000198746,0.32653300132335633,13.6927,400
ENSG00000070831,0.32763666786961443,134.605,400
ENSG00000011009,0.32921580875301437,58.236000000000004,400
ENSG00000142634,0.3293022239975774,117.546,400
ENSG00000171608,0.33082526037201665,23.9939,400
ENSG00000225828,0.33314008609147067,13.2742,400
ENSG00000220785,0.3334916274664382,35.4285,400
ENSG00000197785,0.3336929743820282,18.3178,400
ENSG00000159189,0.33533053761513243,299.346,400
ENSG00000162576,0.33569437728385637,118.624,400
ENSG00000090273,0.3363956192282334,86.4057,400
ENSG00000142675,0.33781714466357593,16.1823,400
ENSG00000178585,0.3381840926445492,31.3199,400
ENSG00000142657,0.3403666563746332,147.868,400
ENSG00000130939,0.34038329840806225,19.6803,400
ENSG00000134644,0.3407609099629848,37.7755,400
ENSG00000117676,0.3421466952178592,65.1242,400
ENSG00000069424,0.34257714429708747,29.8608,400
ENSG00000158195,0.3426605057384791,103.554,400
ENSG00000162408,0.34345671304985476,8.17718,400
ENSG00000028137,0.34421050028336575,100.35700000000001,400
ENSG00000173614,0.34437164006293275,4.15254,400
ENSG00000132879,0.34448636407189615,25.3942,400
ENSG00000060642,0.3446870681257749,10.2382,400
ENSG00000133226,0.34591702649508693,65.1593,400
ENSG00000131584,0.34634031671609145,52.93,400
ENSG00000160055,0.3479573530984612,16.9068,400
ENSG00000090432,0.34811767883531136,29.1064,400
ENSG00000127054,0.34826257928934284,55.5698,400
ENSG00000060656,0.34994411481564114,22.5818,400
ENSG00000162545,0.3500188552354695,122.85600000000001,400
ENSG00000171612,0.35013123888609726,4.84542,400
ENSG00000187961,0.35034403302998024,15.7378,400
ENSG00000116198,0.351631702526393,11.5614,400
ENSG00000173369,0.3524721278439091,443.289,400
ENSG00000162551,0.35303097082728696,87.2188,400
ENSG00000183726,0.35348771875112434,83.969,400
ENSG00000224051,0.3535296682254853,24.1923,400
ENSG00000158747,0.35357268497792604,272.974,400
ENSG00000126698,0.35480591750754115,69.2342,400
ENSG00000162571,0.3553824331071631,1.6957400000000002,400
ENSG00000160087,0.35577803715936845,27.8618,400
ENSG00000117614,0.3582787582897831,36.5311,400
ENSG00000224870,0.3589457474170459,16.3803,400
ENSG00000198492,0.35932382364572174,45.0793,400
ENSG00000158828,0.3604757191887717,19.0046,400
ENSG00000158006,0.3605533073460498,10.1047,400
ENSG00000175279,0.3626357684466299,10.7579,400
ENSG00000162517,0.36300154243544785,99.0595,400
ENSG00000055070,0.3649930706912902,59.8216,400
ENSG00000169598,0.36660334476413914,6.71461,400
ENSG00000120656,0.3669713547869103,18.6989,400
ENSG00000197989,0.36734937905206216,38.2465,400
ENSG00000175130,0.3676178769149796,70.4449,400
ENSG00000078808,0.3676637255129275,164.416,400
ENSG00000116350,0.3677781802547785,142.245,400
ENSG00000000938,0.3689636408755525,135.381,400
ENSG00000121774,0.36912727998613437,78.8064,400
ENSG00000131591,0.3698462231792683,10.6024,400
ENSG00000127463,0.3698734307772808,12.4507,400
ENSG00000077549,0.37044320162317357,188.88,400
ENSG00000120948,0.37117139464685106,88.3095,400
ENSG00000162543,0.37158849642348346,2.5463400000000003,400
ENSG00000142784,0.37205691791579126,47.8778,400
ENSG00000158246,0.3726661269420998,23.2811,400
ENSG00000173372,0.3727661916766064,363.76199999999994,400
ENSG00000130762,0.3749671376390169,7.3851,400
ENSG00000053371,0.3753792941093814,47.1631,400
ENSG00000160075,0.376231483230438,57.6702,400
ENSG00000261326,0.37639739551950285,7.64682,400
ENSG00000001460,0.3777127674857417,2.8313200000000003,400
ENSG00000174950,0.3787530423650118,3.5909800000000005,400
ENSG00000130770,0.37896520662848815,57.897,400
ENSG00000180198,0.378993722714739,17.1471,400
ENSG00000078900,0.3801051505024029,0.795273,400
ENSG00000253304,0.38472916595323836,15.6286,400
ENSG00000157881,0.3854641510286189,19.9094,400
ENSG00000173436,0.3863711825166624,22.8153,400
ENSG00000171621,0.38701631001008996,37.2524,400
ENSG00000116497,0.38809510040781137,10.6277,400
ENSG00000116688,0.3881300212008179,63.6268,400
ENSG00000169641,0.3883674251718813,18.0269,400
ENSG00000188290,0.3888471631005565,30.4909,400
ENSG00000222046,0.3888486166068242,1.87635,400
ENSG00000054523,0.38901428297302104,13.8033,400
ENSG00000126705,0.3890265060179356,22.3443,400
ENSG00000188807,0.3904924638803354,4.97661,400
ENSG00000160049,0.3908473590547828,13.6842,400
ENSG00000142920,0.3915901152202591,2.45554,400
ENSG00000177674,0.39234202876088325,59.4821,400
ENSG00000011007,0.39235658886456404,32.7611,400
ENSG00000117602,0.39263926943158906,7.23913,400
ENSG00000157911,0.3934138333526365,10.3544,400
ENSG00000171735,0.39496656759243814,8.19472,400
ENSG00000158109,0.3953052302671421,67.0386,400
ENSG00000058453,0.3953366456002947,16.8579,400
ENSG00000205090,0.39573317244925243,3.82775,400
ENSG00000175087,0.3965225585083545,3.86781,400
ENSG00000283259,0.39712087004949703,0.239094,400
ENSG00000084636,0.3972420245710251,44.5692,400
ENSG00000132881,0.398717901173636,4.06816,400
ENSG00000116273,0.40056466592856477,20.063,400
ENSG00000228594,0.40138422485132935,4.55465,400
ENSG00000076864,0.40185719984071544,11.9887,400
ENSG00000160062,0.40269948255854215,4.88952,400
ENSG00000162521,0.40329840776674725,40.2273,400
ENSG00000158062,0.4039151701868603,42.1562,400
ENSG00000187017,0.4053040478404203,0.671928,400
ENSG00000175793,0.40604206302209384,71.57,400
ENSG00000121775,0.40634856511062994,13.6931,400
ENSG00000159363,0.406571508568076,34.346,400
ENSG00000083444,0.40706571467605196,75.5228,400
ENSG00000130775,0.40776139271203704,59.4321,400
ENSG00000142751,0.4086612228165336,15.823,400
ENSG00000179023,0.4088721931463635,0.6452140000000001,400
ENSG00000162572,0.4102083765766543,5.35104,400
ENSG00000188157,0.41029058914167743,52.31,400
ENSG00000116151,0.41252332533470487,1.84467,400
ENSG00000215912,0.4133278971816227,1.06085,400
ENSG00000171603,0.41437589773791494,65.567,400
ENSG00000278274,0.41454393887454,34.3205,400
ENSG00000121753,0.4147729033196123,1.3815,400
ENSG00000159423,0.4149404657161296,12.2394,400
ENSG00000142599,0.41694671910398134,54.0128,400
ENSG00000179163,0.41700251414766626,41.2577,400
ENSG00000215788,0.4172198032342074,14.8456,400
ENSG00000204138,0.41722922046253536,17.6968,400
ENSG00000225313,0.4176540197036724,5.96946,400
ENSG00000049245,0.4178853587247489,122.64200000000001,400
ENSG00000001461,0.4187911240857198,8.57858,400
ENSG00000235098,0.4205694209794777,13.9725,400
ENSG00000269967,0.4206178490038416,1.72405,400
ENSG00000162520,0.42084615525655583,6.08761,400
ENSG00000162458,0.42167679920644785,50.4851,400
ENSG00000233478,0.42285387109891104,0.573344,400
ENSG00000169972,0.4232251507213157,16.0052,400
ENSG00000020633,0.4236962091461979,15.9084,400
ENSG00000117616,0.42611593754621563,82.8657,400
ENSG00000205231,0.4266964240323375,0.547111,400
ENSG00000117632,0.42678357982349274,19.1803,400
ENSG00000168528,0.4268870189511612,25.0366,400
ENSG00000090686,0.4274566322108693,24.8407,400
ENSG00000249087,0.4275898685908346,4.1557900000000005,400
ENSG00000116138,0.4292493499571932,6.54582,400
ENSG00000184454,0.4295172654161547,1.6391799999999999,400
ENSG00000142621,0.43038795337908997,1.35712,400
ENSG00000121903,0.4308042841425916,1.1260299999999999,400
ENSG00000227372,0.43393120767189103,17.7111,400
ENSG00000117298,0.434146505624167,128.014,400
ENSG00000158156,0.4363657927702963,12.1132,400
ENSG00000162419,0.43799025198991937,5.56871,400
ENSG00000225880,0.43841781420122944,6.654260000000001,400
ENSG00000160058,0.43910473877770523,48.2336,400
ENSG00000237938,0.43932917162750623,2.61698,400
ENSG00000117640,0.4398357106611027,34.8573,400
ENSG00000235790,0.44043281410915186,2.69578,400
ENSG00000204859,0.44158845195523394,30.3672,400
ENSG00000162512,0.4422740876216625,38.3491,400
ENSG00000226396,0.44243486502738877,12.5329,400
ENSG00000197312,0.448522638507433,17.8918,400
ENSG00000272084,0.44913223993654344,1.56275,400
ENSG00000162585,0.4492403735963453,11.6534,400
ENSG00000181773,0.4501191775031368,3.09652,400
ENSG00000116691,0.45634907998681307,36.3396,400
ENSG00000236423,0.4576889683834638,0.260096,400
ENSG00000142627,0.4586591492472127,31.9229,400
ENSG00000272078,0.45903548697733937,3.8338300000000003,400
ENSG00000075151,0.4595613520094864,23.6377,400
ENSG00000272141,0.4595808865662772,4.61522,400
ENSG00000179051,0.459702636806284,47.4843,400
ENSG00000074964,0.46096157552658856,21.2981,400
ENSG00000057757,0.46192546225554165,50.626000000000005,400
ENSG00000204160,0.4645526119435979,25.763,400
ENSG00000130768,0.4646266029659705,3.97117,400
ENSG00000184677,0.464973314184135,19.5969,400
ENSG00000188060,0.4651540893058628,2.53186,400
ENSG00000183615,0.4664268484510454,27.0757,400
ENSG00000185436,0.46775365744236386,3.39497,400
ENSG00000198830,0.4684056373931593,157.382,400
ENSG00000204219,0.4687886789280635,19.6648,400
ENSG00000142733,0.46931211724649846,117.48100000000001,400
ENSG00000188529,0.4696152756038142,40.041,400
ENSG00000222112,0.4700168150704624,6.550269999999999,400
ENSG00000142765,0.4708092679100257,34.0299,400
ENSG00000142798,0.4715655701861444,57.67,400
ENSG00000041988,0.47318445650623375,13.2938,400
ENSG00000009780,0.47357145700244224,11.3222,400
ENSG00000157191,0.476236621659264,77.8525,400
ENSG00000226849,0.4787986060902609,5.68081,400
ENSG00000008130,0.47891665679401135,54.1831,400
ENSG00000189337,0.479714858225955,14.7139,400
ENSG00000186891,0.4804052590194889,5.8194099999999995,400
ENSG00000162413,0.48122231944563537,24.2973,400
ENSG00000130940,0.4812571650560559,18.7513,400
ENSG00000116514,0.48169217446136653,34.7626,400
ENSG00000272106,0.48177866859744395,12.5954,400
ENSG00000116478,0.4821710671459773,88.0485,400
ENSG00000142611,0.4830963440771143,5.067159999999999,400
ENSG00000169442,0.48406592057152004,138.142,400
ENSG00000004487,0.4868889606983666,48.8362,400
ENSG00000142655,0.4871419008303379,25.5065,400
ENSG00000121900,0.48748439513886666,35.0011,400
ENSG00000130695,0.48873226961902344,7.446439999999999,400
ENSG00000228794,0.49031362978351695,5.95156,400
ENSG00000270605,0.4904669355865503,4.52123,400
ENSG00000271840,0.4917094783852824,1.50825,400
ENSG00000007968,0.49181978156533035,1.31921,400
ENSG00000175262,0.4929865595695597,0.382309,400
ENSG00000159023,0.4948165408863136,13.5252,400
ENSG00000179743,0.4949636360121792,4.55853,400
ENSG00000142632,0.495461099548152,8.24305,400
ENSG00000169991,0.4956705689072012,13.5363,400
ENSG00000160072,0.49663119465193356,31.6409,400
ENSG00000215915,0.49697604713459415,3.0996200000000003,400
ENSG00000187634,0.4971960796551817,3.5838400000000004,400
ENSG00000097021,0.49721812279797245,18.8819,400
ENSG00000116663,0.49741695404225744,20.4208,400
ENSG00000238260,0.4974967564610055,2.0557,400
ENSG00000131910,0.49858008981827406,1.25621,400
ENSG00000088280,0.5023369411715906,25.4399,400
ENSG00000117713,0.5029978276162977,31.0712,400
ENSG00000226029,0.5037203403914795,2.86784,400
ENSG00000162430,0.5043249904933311,90.6096,400
ENSG00000117643,0.5047924235905717,9.47395,400
ENSG00000204178,0.5049077719871105,19.1008,400
ENSG00000182873,0.5070823627585835,14.867,400
ENSG00000186827,0.5078087446890395,13.8513,400
ENSG00000182749,0.5079264049261893,11.3167,400
ENSG00000142677,0.5083832885746407,1.22585,400
ENSG00000117245,0.5084480069294107,5.2809800000000005,400
ENSG00000162542,0.5091845540993684,13.0521,400
ENSG00000157933,0.5097620415764409,73.6276,400
ENSG00000133216,0.510800324496722,1.42245,400
ENSG00000090020,0.5123253607154526,29.203000000000003,400
ENSG00000177000,0.5138120012943743,21.4985,400
ENSG00000273544,0.514235032713796,16.7982,400
ENSG00000049239,0.5147475409652611,46.1421,400
ENSG00000116213,0.518567866550318,26.2893,400
ENSG00000157870,0.5188434938841519,27.1262,400
ENSG00000248333,0.5191682681303857,40.0747,400
ENSG00000121766,0.5202888515426354,30.6933,400
ENSG00000158161,0.5206913101358723,13.0145,400
ENSG00000223764,0.5210105367544647,2.90325,400
ENSG00000116285,0.5211351049604486,101.23899999999999,400
ENSG00000269896,0.522967467390179,2.24255,400
ENSG00000158825,0.523084776422127,13.4415,400
ENSG00000238164,0.5234872088286578,7.12207,400
ENSG00000239149,0.5243948260497971,3.29796,400
ENSG00000171729,0.5246382722444494,24.768,400
ENSG00000228526,0.5250381902540583,13.5294,400
ENSG00000184163,0.5256039003233216,2.37239,400
ENSG00000130766,0.5276856110189615,19.5143,400
ENSG00000160050,0.5279386579388026,4.61165,400
ENSG00000125945,0.5285477910397284,7.6033,400
ENSG00000253368,0.5306561777510643,16.8528,400
ENSG00000149527,0.5314542839557541,3.85704,400
ENSG00000235169,0.5330463341518743,3.5006199999999996,400
ENSG00000162493,0.5335641148258875,34.588,400
ENSG00000011021,0.5335918285555378,26.7854,400
ENSG00000260179,0.5343535657905707,0.987715,400
ENSG00000158292,0.5354930044458907,21.0358,400
ENSG00000173641,0.5407741306553758,24.101,400
ENSG00000117122,0.5409867774223499,11.5644,400
ENSG00000179403,0.5415461112228516,22.0683,400
ENSG00000277916,0.5450304108143993,3.22594,400
ENSG00000188257,0.5454072059025173,25.2027,400
ENSG00000180098,0.5459713400539378,12.1963,400
ENSG00000187583,0.5465350788439138,2.29507,400
ENSG00000269925,0.5479866544427555,6.92904,400
ENSG00000200087,0.5492175324244425,8.45299,400
ENSG00000160051,0.5496736035508025,4.3859699999999995,400
ENSG00000127472,0.5507300356417854,7.06527,400
ENSG00000117748,0.5510192658855836,40.7636,400
ENSG00000219481,0.5525154174184849,2.73046,400
ENSG00000171824,0.5531713306534393,61.843999999999994,400
ENSG00000142748,0.5534221312469052,1136.08,400
ENSG00000116525,0.5543737786341113,6.65028,400
ENSG00000272455,0.5562898832069372,3.9288300000000005,400
ENSG00000183114,0.5596277918435312,0.462512,400
ENSG00000272449,0.5602642124912508,6.00726,400
ENSG00000189409,0.5604969797909725,2.6763,400
ENSG00000159339,0.5607345336163087,9.84431,400
ENSG00000116731,0.5613223425779444,18.6964,400
ENSG00000117242,0.5623271182934598,4.25681,400
ENSG00000142910,0.562694251930893,103.898,400
ENSG00000049249,0.562874980885555,0.419178,400
ENSG00000274266,0.5653619292295502,4.61707,400
ENSG00000177133,0.5678866689322085,3.1591099999999996,400
ENSG00000134668,0.5746027015230101,8.521980000000001,400
ENSG00000162591,0.5770130736021868,44.9409,400
ENSG00000171680,0.5770818122974349,11.4132,400
ENSG00000158286,0.5827768622760502,6.43446,400
ENSG00000228140,0.5833035048791232,0.278891,400
ENSG00000162552,0.5841487954097817,0.8670129999999999,400
ENSG00000178821,0.5851385484350239,1.76593,400
ENSG00000117318,0.5886191404294634,159.445,400
ENSG00000187608,0.58987001760234,66.8682,400
ENSG00000162461,0.5903248994888597,4.94269,400
ENSG00000162426,0.5911112390882821,2.55322,400
ENSG00000037637,0.5927815186332279,11.0603,400
ENSG00000162496,0.5964261444328028,86.5364,400
ENSG00000237973,0.5969454346330169,40.2639,400
ENSG00000231105,0.5991287005156143,0.651278,400
ENSG00000116661,0.6003705187691598,9.63353,400
ENSG00000186056,0.6024228891379823,1.8194299999999999,400
ENSG00000237276,0.6033886436218492,0.898701,400
ENSG00000176083,0.6045043557221582,0.788291,400
ENSG00000069812,0.6072470853609153,0.869189,400
ENSG00000131697,0.6107702662275627,9.986930000000001,400
ENSG00000268903,0.6129684053938396,19.1697,400
ENSG00000270031,0.6132454496533428,2.87549,400
ENSG00000187942,0.6166917380820749,2.85933,400
ENSG00000260063,0.6181459475330011,0.6020949999999999,400
ENSG00000225285,0.6200845814753929,2.6213900000000003,400
ENSG00000157978,0.6224051249859763,22.3555,400
ENSG00000283234,0.6268596033292911,0.05658969999999999,400
ENSG00000215014,0.6274263239942709,0.73307,400
ENSG00000237491,0.6291848363141622,0.6870729999999999,400
ENSG00000169914,0.6310329194234513,10.3538,400
ENSG00000228589,0.6312865041759483,1.97481,400
ENSG00000217801,0.6326003916792062,1.84971,400
ENSG00000230415,0.6334913791360383,3.1654299999999997,400
ENSG00000269981,0.6351292375740202,33.4047,400
ENSG00000198912,0.6375559482945942,21.9164,400
ENSG00000272153,0.6396934703948738,4.8218,400
ENSG00000237330,0.6406347375636043,0.782084,400
ENSG00000240731,0.6415003266627416,23.1815,400
ENSG00000158008,0.6429519364911089,0.471275,400
ENSG00000279443,0.6441499286370923,0.337186,400
ENSG00000211454,0.6442009040283119,0.67713,400
ENSG00000173662,0.6448921506391139,0.40223200000000003,400
ENSG00000120949,0.6465578133499852,1.11562,400
ENSG00000132906,0.6501356272254596,10.1213,400
ENSG00000117115,0.6550031630311276,7.983460000000001,400
ENSG00000117215,0.6550693826902905,0.197654,400
ENSG00000175147,0.6558216370416323,0.999367,400
ENSG00000169962,0.655852409503359,0.970633,400
ENSG00000233929,0.6570536372400524,1.98437,400
ENSG00000238231,0.6573496814613582,1.40549,400
ENSG00000162482,0.660391399551215,1.48764,400
ENSG00000237301,0.6613909299525605,0.11968,400
ENSG00000186510,0.6622435179059192,0.610926,400
ENSG00000236810,0.6630014056037654,3.01425,400
ENSG00000158816,0.6651107476173382,0.273929,400
ENSG00000227959,0.6667070477171977,0.945751,400
ENSG00000189410,0.6673570013945966,0.21907,400
ENSG00000228172,0.6684719127835005,0.776807,400
ENSG00000180758,0.6729031932924675,11.8654,400
ENSG00000225315,0.6742977727098481,0.16308,400
ENSG00000215908,0.6744258854430353,20.1953,400
ENSG00000233421,0.6745025791910543,0.166476,400
ENSG00000186301,0.6754980690228994,5.05355,400
ENSG00000236155,0.675789828931384,0.210326,400
ENSG00000176092,0.6770229305173445,1.04682,400
ENSG00000229447,0.6770504298883779,3.03817,400
ENSG00000121769,0.67722963487887,20.2458,400
ENSG00000238142,0.6801206229754433,10.4772,400
ENSG00000225931,0.6840782134343661,0.786366,400
ENSG00000162444,0.6854462161174631,9.7698,400
ENSG00000215790,0.6856923514516323,4.86045,400
ENSG00000228037,0.6894312822538451,1.94787,400
ENSG00000224621,0.6900878698315112,0.5785779999999999,400
ENSG00000116254,0.6904139701897898,0.435817,400
ENSG00000269737,0.6922252858250529,3.73686,400
ENSG00000237429,0.6928822773893011,1.21925,400
ENSG00000230699,0.6957445603174489,0.288554,400
ENSG00000230679,0.6957602137358244,0.313418,400
ENSG00000197245,0.6977904316070441,7.373069999999999,400
ENSG00000189339,0.6994285906184997,26.5203,400
ENSG00000229344,0.6996162802599918,10.8425,400
ENSG00000236269,0.703348778266818,0.778207,400
ENSG00000218510,0.705186852517805,15.2318,400
ENSG00000225972,0.7059708701325991,7.58772,400
ENSG00000228549,0.7063627282342017,0.170995,400
ENSG00000142583,0.7065137028456185,0.948199,400
ENSG00000126709,0.7088472691957086,219.46200000000002,400
ENSG00000271806,0.7103580703855573,0.30299899999999996,400
ENSG00000224066,0.7104059226832315,1.5223200000000001,400
ENSG00000273274,0.7113680925192993,0.039287300000000004,400
ENSG00000008128,0.7141312912770751,31.7401,400
ENSG00000117154,0.7144618652689515,2.7536099999999997,400
ENSG00000116771,0.7157776288230815,0.262932,400
ENSG00000271420,0.7158073106363412,0.6685770000000001,400
ENSG00000233954,0.7169807323795135,4.71553,400
ENSG00000228634,0.718958558167678,0.490953,400
ENSG00000186715,0.719499799212608,2.5392,400
ENSG00000240409,0.7202695090638878,10.2603,400
ENSG00000179546,0.7215748439135332,0.269702,400
ENSG00000228327,0.7219021367541469,2.46406,400
ENSG00000233485,0.7245197995251411,0.290867,400
ENSG00000236266,0.7252005339723177,1.24833,400
ENSG00000233750,0.7256348004110755,0.13197899999999999,400
ENSG00000225159,0.725931189171891,0.377934,400
ENSG00000187730,0.7269926770157027,1.20821,400
ENSG00000196581,0.7283089708955754,0.7876449999999999,400
ENSG00000279179,0.7304866256377662,0.516575,400
ENSG00000272235,0.7335010239122289,0.0688081,400
ENSG00000162490,0.7361577256657891,0.164888,400
ENSG00000269978,0.7364455704798746,1.8739299999999999,400
ENSG00000169885,0.7393632554379828,0.939678,400
ENSG00000241563,0.7400380587545645,1.34964,400
ENSG00000225643,0.7411383158287408,1.9445,400
ENSG00000198744,0.7466052427553543,12.2092,400
ENSG00000226286,0.747532067566959,0.29662,400
ENSG00000187952,0.7505532992850342,0.69194,400
ENSG00000269971,0.7506045965758895,1.7107599999999998,400
ENSG00000171819,0.7531569161569694,1.5620399999999999,400
ENSG00000160097,0.7571294956619907,1.2552,400
ENSG00000197921,0.7582722165549938,0.305365,400
ENSG00000184908,0.7585595806407927,0.43641499999999994,400
ENSG00000227232,0.7590116964674785,4.50841,400
ENSG00000227634,0.7604720842018421,0.11897,400
ENSG00000236698,0.7611070691461942,0.73821,400
ENSG00000233431,0.7614200238949025,0.12446800000000001,400
ENSG00000235241,0.7638580297975556,3.40666,400
ENSG00000230337,0.7662848060119171,0.44856999999999997,400
ENSG00000142606,0.769894930659196,1.5172700000000001,400
ENSG00000179840,0.7699997183452171,0.16132,400
ENSG00000229519,0.7701381654770022,0.269568,400
ENSG00000229162,0.7705637908803233,0.327718,400
ENSG00000284543,0.7716592784337512,0.0808849,400
ENSG00000231789,0.7758618430504425,1.9053099999999998,400
ENSG00000234546,0.7764408483773042,1.40066,400
ENSG00000272512,0.7776147368439885,3.94063,400
ENSG00000280222,0.7808380477815712,0.0406083,400
ENSG00000272438,0.7812653027434002,0.331383,400
ENSG00000226944,0.7820429111622318,0.643991,400
ENSG00000225905,0.7833390940991932,1.0867200000000001,400
ENSG00000230092,0.7837677736318156,1.22088,400
ENSG00000261135,0.7857347103518874,0.239231,400
ENSG00000272482,0.786354183439622,1.31102,400
ENSG00000142661,0.7866496717659435,0.158173,400
ENSG00000235084,0.7920978768808015,1.3874600000000001,400
ENSG00000116329,0.7941638487795322,0.103551,400
ENSG00000278997,0.7958448661901929,1.51162,400
ENSG00000187642,0.796487694718536,0.7434470000000001,400
ENSG00000127423,0.7968947532783676,0.55699,400
ENSG00000162510,0.7977130191584598,0.184153,400
ENSG00000232912,0.7979616899949488,1.1011,400
ENSG00000270728,0.8003336541299766,1.3350799999999998,400
ENSG00000248527,0.8040810462160611,2126.46,400
ENSG00000237200,0.8046195335831088,1.55797,400
ENSG00000272420,0.8060369930332832,1.49317,400
ENSG00000225986,0.8073892108897865,1.02577,400
ENSG00000225886,0.8079073841574764,0.322891,400
ENSG00000049246,0.8133272157978974,11.8144,400
ENSG00000241547,0.81606146954288,1.9385299999999999,400
ENSG00000197880,0.8161312809947593,0.285354,400
ENSG00000227775,0.8206074700895785,7.348510000000001,400
ENSG00000239906,0.8236223405177151,1.15815,400
ENSG00000272161,0.8246758279357913,0.246337,400
ENSG00000223823,0.8254773932669552,0.145974,400
ENSG00000237934,0.8280559225239601,0.228694,400
ENSG00000185519,0.8300438801912768,0.0811015,400
ENSG00000188822,0.8308815139368038,0.146731,400
ENSG00000224459,0.8312759351550251,0.282561,400
ENSG00000227066,0.8313660739229574,0.112407,400
ENSG00000242349,0.8352152041010736,5.0168099999999995,400
ENSG00000281937,0.8390307861246941,0.274489,400
ENSG00000225891,0.8393474052567335,0.978416,400
ENSG00000230023,0.8423301398822997,0.0532624,400
ENSG00000121905,0.8459839686954671,0.306985,400
ENSG00000121764,0.8471837831589288,0.103849,400
ENSG00000270035,0.8486353680697669,0.859591,400
ENSG00000229388,0.8496250839952328,0.502379,400
ENSG00000229376,0.8500814251771911,0.0950602,400
ENSG00000229484,0.8505719541678995,0.363956,400
ENSG00000271428,0.8540770912246803,0.256635,400
ENSG00000238290,0.8544352121168922,0.14764000000000002,400
ENSG00000236936,0.8560457449669224,0.27011,400
ENSG00000203325,0.856792382676312,0.277807,400
ENSG00000230368,0.8675041754381858,0.0728183,400
ENSG00000270115,0.8683553094095147,0.495598,400
ENSG00000178715,0.8694594939129836,1.58046,400
ENSG00000261349,0.8699790530631532,1.58407,400
ENSG00000270171,0.8701885046420642,0.171935,400
ENSG00000184389,0.8705857835107645,0.282671,400
ENSG00000188672,0.8726621330916523,0.459313,400
ENSG00000158022,0.8728802583259083,0.685342,400
ENSG00000272432,0.8729912218853096,0.855101,400
ENSG00000231181,0.874074308638605,0.628725,400
ENSG00000142794,0.8745810619084909,1.89707,400
ENSG00000236782,0.8749071146283249,0.317756,400
ENSG00000049247,0.8811090960196434,0.269872,400
ENSG00000235912,0.8811572480387473,1.37678,400
ENSG00000226526,0.8822302714384512,0.284961,400
ENSG00000279457,0.8830051086382752,8.6212,400
ENSG00000272426,0.8831898153358347,0.34166399999999997,400
ENSG00000228150,0.8850359746969542,0.390353,400
ENSG00000233542,0.8906184447379604,0.0660434,400
ENSG00000278966,0.8950283507211337,0.3719,400
ENSG00000266075,0.8958002270960741,0.67287,400
ENSG00000273443,0.8972623132905787,0.312992,400
ENSG00000177757,0.899211735428713,0.5661,400
ENSG00000215704,0.9007429165391283,0.356549,400
ENSG00000224969,0.9037429793500301,0.425967,400
ENSG00000229393,0.9041569798351082,0.258226,400
ENSG00000278480,0.9068160214145791,0.129682,400
ENSG00000272088,0.9072571846035927,0.657565,400
ENSG00000217644,0.9074124359725636,0.387382,400
ENSG00000162494,0.9111072988928332,0.0595201,400
ENSG00000235052,0.9117516810122223,0.418633,400
ENSG00000229167,0.9165881820349541,0.441363,400
ENSG00000230068,0.9166818431553299,0.190939,400
ENSG00000162438,0.9190706928002021,0.465449,400
ENSG00000187010,0.9247576171421218,0.615952,400
ENSG00000158055,0.926487154898189,0.11491900000000001,400
ENSG00000215914,0.9298681628270428,1.02283,400
ENSG00000223583,0.9330577753392246,0.339146,400
ENSG00000158014,0.9351881235848754,0.0932499,400
ENSG00000227001,0.9358026944259291,0.655319,400
ENSG00000219073,0.939757142011815,0.322937,400
ENSG00000231050,0.9399877518139922,0.5074930000000001,400
ENSG00000225630,0.9402868889860216,447.19300000000004,400
ENSG00000142789,0.9403134488409056,1.08538,400
ENSG00000224321,0.9482335288177844,0.533998,400
ENSG00000204624,0.948533299939018,0.114754,400
ENSG00000241860,0.9541576243155668,0.26061999999999996,400
ENSG00000237094,0.9552046048444941,0.285749,400
ENSG00000120937,0.9569700470651145,0.316623,400
ENSG00000142615,0.9578903676822181,0.23465500000000003,400
ENSG00000231344,0.9593107282264722,0.629921,400
ENSG00000228463,0.965337127815722,0.374046,400
ENSG00000268869,0.9750887129070411,0.0452026,400
ENSG00000224183,0.9782255534561598,0.667323,400
ENSG00000175206,0.9844097919985295,4.65875,400
