SNP,gene,CHR,POS
rs2401637,PTCSC2,9,100541473
rs7030280,PTCSC2,9,100535267
rs41309931,RTEL1,20,62326579
rs78416151,LOC102724265,11,69249998
rs77247065,LOC102724265,11,69251982
rs11992171,CASC8,8,128529933
rs9656816,CASC8,8,128534654
rs10818241,TRMO,9,100661972
rs7837688,CASC8,8,128539360
rs10505477,CASC21,8,128407443
rs4242384,CASC8,8,128518554
rs10984253,TRMO,9,100664474
rs4431561,CASC8,8,128498504
rs2869030,IREB2,15,78711803
rs28511883,IREB2,15,78783683
rs8027972,LOC646938,15,79022615
rs55958997,CHRNB4,15,78915872
rs2170311,CHRNB4,15,78947611
rs3813570,PSMA4,15,78832832
rs16969894,IREB2,15,78776456
rs17486278,CHRNA5,15,78867482
rs2938670,IREB2,15,78740688
rs7181245,HYKK,15,78814389
rs11638372,CHRNB4,15,78983559
rs138544659,CHRNA3,15,78900701
rs11639375,LOC646938,15,79024214
rs951266,CHRNA3,15,78878541
rs8192482,CHRNA3,15,78886198
rs1700006,CHRNA3,15,78875623
rs3894347,LOC646938,15,79026001
rs1316971,CHRNB4,15,78930510
rs17487223,CHRNB4,15,78923987
rs12439240,HYKK,15,78829091
rs4887083,LOC646938,15,79025577
rs189218934,CHRNA3,15,78903987
rs11857532,CHRNB4,15,78968268
rs2036527,CHRNA5,15,78851615
rs11072805,ADAMTS7,15,79078518
rs578776,CHRNA5,15,78888400
rs13329271,CHRNA3,15,78914230
rs1996371,CHRNB4,15,78956806
rs35202847,SH3PXD2A,10,105611147
rs2938674,IREB2,15,78757913
rs12441426,HYKK,15,78812329
rs12101809,IREB2,15,78779801
rs8042374,CHRNA3,15,78908032
rs13170453,CLPTM1L,5,1317481
rs4871022,POU5F1B,8,128427720
rs7049054,PTCSC2,9,100599969
rs6478469,TRMO,9,100658938
rs1866343,NKX3-1,8,23543583
rs2417575,FOXE1,9,100628642
rs4872171,NKX3-1,8,23514289
rs10956367,POU5F1B,8,128423544
rs4672832,DIRC3-AS1,2,218309228
rs7847259,PTCSC2,9,100600712
rs7829619,NKX3-1,8,23499264
rs12418451,LOC338694,11,68935419
rs894672,PTCSC2,9,100612185
rs4872175,NKX3-1,8,23534802
rs6478437,PTCSC2,9,100607497
rs10808556,CCAT2,8,128413147
rs10115216,TRMO,9,100657119
rs9911515,CASC17,17,69115358
rs10759960,PTCSC2,9,100608745
rs11097882,TET2-AS1,4,106142960
rs7022148,TRMO,9,100660824
rs12418968,LOC338694,11,68977135
rs6745321,DIRC3-AS1,2,218293234
rs7835802,NKX3-1,8,23495136
rs13256300,NKX3-1,8,23502588
rs1478595,DIRC3-AS1,2,218309899
rs2045932,DIRC3-AS1,2,218307223
rs3758249,PTCSC2,9,100614140
rs1867277,FOXE1,9,100615914
rs11782388,NKX3-1,8,23525358
rs16857609,DIRC3-AS1,2,218296508
rs7018368,POU5F1B,8,128424933
rs1398240,NKX3-1,8,23501606
rs7847010,FOXE1,9,100630439
rs10739513,PTCSC2,9,100592705
rs4871803,CASC8,8,128488382
rs3021526,FOXE1,9,100617021
rs4460498,FOXE1,9,100620412
rs13262683,NKX3-1,8,23515679
rs12617808,DIRC3-AS1,2,218302217
rs12667688,MIR4655,7,1931030
rs10950473,MIR4655,7,1999453
rs1920116,LRRC31,3,169579971
rs13097028,TERC,3,169464942
rs12532128,MIR4655,7,1925454
rs10842704,ITPR2,12,26462982
rs12537914,MIR4655,7,1948359
rs2758598,PMF1-BGLAP,1,156194339
rs4955678,LRRC31,3,169574912
rs2984613,PMF1,1,156197380
rs4721264,SNORA114,7,2012997
rs10049456,LRRC31,3,169563523
rs12889140,DPF3,14,73310496
rs6793160,LRRIQ4,3,169535266
rs143190905,RTEL1-TNFRSF6B,20,62291767
rs34922657,MIR4655,7,1938655
rs2736611,PMF1,1,156205383
rs9882101,LRRIQ4,3,169548655
rs10743579,ITPR2,12,26461145
rs12536062,MIR4655,7,1958672
rs11627524,DPF3,14,73268465
rs16854453,LRRC31,3,169559234
rs6475315,SCARNA8,9,19061358
rs113513894,MAP2K1,15,66689302
rs62113214,KLK3,19,51362537
rs6470494,PCAT2,8,128087904
rs7127599,MIR4686,11,2233365
rs10840584,MIR4686,11,2228618
rs71455921,MIR4686,11,2233635
rs7395734,MIR4686,11,2231694
rs72853963,MIR4686,11,2224664
rs6579001,MIR4686,11,2232056
rs7109219,MIR4686,11,2233041
rs7126857,MIR4686,11,2229111
rs11043143,MIR4686,11,2234093
rs452384,CLPTM1L,5,1330840
rs12442476,ADAMTS7,15,79117856
rs421629,CLPTM1L,5,1320136
rs6495341,ADAMTS7,15,79133026
rs401681,CLPTM1L,5,1322087
rs58021857,ADAMTS7,15,79119229
rs4389112,ADAMTS7,15,79122099
rs8024048,ADAMTS7,15,79127907
rs1994016,ADAMTS7,15,79080234
rs3890715,ADAMTS7,15,79107862
rs455433,CLPTM1L,5,1336243
rs11637783,MORF4L1,15,79139000
rs12903668,ADAMTS7,15,79129320
rs8028410,ADAMTS7,15,79134267
rs61574973,MIR4457,5,1309168
rs7164665,CHRNB4,15,78953919
rs1052035,PSMA4,15,78841353
rs7182716,ADAMTS7,15,79123753
rs8041064,ADAMTS7,15,79115388
rs10083697,ADAMTS7,15,79124039
rs2735946,TERT,5,1300429
rs8035093,ADAMTS7,15,79120670
rs9920493,ADAMTS7,15,79113846
rs8041818,MORF4L1,15,79139831
rs8038920,CHRNB4,15,78974545
rs28379291,CLPTM1L,5,1313701
rs2233956,C6orf15,6,31081205
rs3130985,CDSN,6,31085356
rs3115672,MSH5,6,31727897
rs3117575,MSH5,6,31726253
rs3131380,MSH5,6,31709778
rs3130557,CDSN,6,31094703
rs9272462,HLA-DQA1,6,32605620
rs9271627,HLA-DQA1,6,32591949
rs1156850,PTCSC2,9,100573164
rs12223972,LOC338694,11,68960391
rs10896429,TPCN2,11,68876160
rs8079315,CASC17,17,69120855
rs4903078,DCAF4,14,73404438
rs12435321,DPF3,14,73267602
rs12435078,DPF3,14,73249806
rs4721287,SNORA114,7,2028663
rs2842865,SLC25A44,1,156159532
rs16983884,RTEL1,20,62320674
rs4721282,SNORA114,7,2025040
rs17122577,DCAF4,14,73402827
rs4721190,MIR4655,7,1954732
rs11621489,DCAF4,14,73407856
rs10950407,MIR4655,7,1895666
rs11557347,MIR4655,7,1979741
rs11158999,DCAF4,14,73423827
rs11158998,DCAF4,14,73417744
rs6606667,LOC102724265,11,69209622
rs34433136,DCAF4,14,73399418
rs113466970,DPF3,14,73249404
rs9878797,LRRC34,3,169529958
rs13244345,MIR4655,7,1973004
rs6950151,MIR4655,7,1953521
rs72730359,DPF3,14,73271798
rs1007934,ZFYVE1,14,73463479
rs10269191,MIR4655,7,1915731
rs2540175,PMF1-BGLAP,1,156184747
rs12194182,SLC22A3,6,160834515
rs3072,GDF7,2,20878406
rs3918286,SLC22A3,6,160868668
rs3105751,SLC22A3,6,160822675
rs7202240,MAFTRR,16,79745896
rs35856653,DIRC3-AS1,2,218350206
rs74723351,DIRC3-AS1,2,218288217
rs11150188,MAFTRR,16,79707298
rs10181989,DIRC3-AS1,2,218294915
rs10271646,POT1-AS1,7,124549573
rs7467618,SCARNA8,9,19065295
rs12967001,YES1,18,737535
rs17384696,FAF1,1,51241057
rs13269511,MIR1204,8,128876943
rs12962403,TYMS,18,672035
rs7847449,PTCSC2,9,100551908
rs4733801,TMEM75,8,128892551
rs4674161,DIRC3-AS1,2,218256009
rs4733579,TMEM75,8,128898169
rs7167768,KNL1,15,40906197
rs6706673,DIRC3-AS1,2,218251702
rs12906095,KNL1,15,40964393
rs874839,DIRC3-AS1,2,218354087
rs1059393,TYMS,18,672836
rs78738909,FAF1,1,51317374
rs3813582,MAFTRR,16,79749353
rs2412541,KNL1,15,40913840
rs61349367,DIRC3-AS1,2,218369689
rs57004880,DIRC3-AS1,2,218272581
rs10400825,KNL1,15,40881116
rs7856768,HAUS6,9,19056754
rs2568158,DIRC3-AS1,2,218334534
rs4439216,SCARNA8,9,19066115
rs1382438,DIRC3-AS1,2,218338829
rs10956392,MIR1204,8,128881681
rs8035775,KNL1,15,40922403
rs7022807,SCARNA8,9,19067833
rs16950982,MAFTRR,16,79702371
rs77515996,MAP2K1,15,66708939
rs2750483,ARFRP1,20,62345470
rs28684409,SNORD18B,15,66794706
rs1758205,LIME1,20,62355756
rs79350921,ZWILCH,15,66801937
rs111572611,SNAPC5,15,66755923
rs17851970,DIS3L,15,66612965
rs1151624,LIME1,20,62369895
rs112747606,MAP2K1,15,66716106
rs11636809,MAP2K1,15,66729927
rs1741708,SLC2A4RG,20,62372041
rs2872881,ARFRP1,20,62342801
rs6122154,LIME1,20,62359345
rs72853920,MIR4686,11,2206429
rs77050488,HNF1B,17,36107869
rs118097379,CCAT2,8,128418882
rs7223387,HNF1B,17,36082473
rs847560,LMTK2,7,97687986
rs55914512,KRT8,12,53282274
rs6533183,TET2-AS1,4,106133184
rs12169371,BIK,22,43498412
rs139653137,KRT78,12,53260717
rs12796066,LOC338694,11,68918556
rs11768309,LMTK2,7,97773812
rs35907927,CASC8,8,128523285
rs7808528,LMTK2,7,97721425
rs10107982,CASC8,8,128318755
rs13240869,LMTK2,7,97694493
rs7804318,LMTK2,7,97796635
rs10743181,MIR4686,11,2229759
rs12670686,LMTK2,7,97708397
rs117520198,MIR4686,11,2212843
rs113094235,KRT18,12,53323144
rs75321049,WDPCP,2,63476126
rs11043050,MIR4686,11,2215333
rs381194,SLC22A2,6,160712194
rs79357683,WDPCP,2,63472102
rs79485992,LOC338694,11,68980770
rs71277158,PRKCI,3,169999216
rs7823764,PCAT1,8,128026262
rs72853954,MIR4686,11,2221765
rs1487240,PCAT1,8,128021752
rs7791463,LMTK2,7,97819047
rs10896439,LOC338694,11,68915362
rs17027650,WDPCP,2,63389998
rs4075003,MIR4686,11,2220304
rs28615829,PCAT1,8,128018205
rs75753382,POU5F1B,8,128441548
rs7823297,PCAT1,8,128025916
rs7837328,POU5F1B,8,128423127
rs2124597,PCAT1,8,128028337
rs11564691,MIR4686,11,2214039
