SNP,k,n_conc,n_ant,DSI,DSI_w,DSI_mtag,DSI_mtag_saved,class_raw,class_mtag
rs2401637,6,10,5,0.3333333333333333,0.5744671577547079,1.0,1.0,mixed,safe
rs7030280,6,10,5,0.3333333333333333,0.5557558796741082,1.0,1.0,mixed,safe
rs41309931,4,6,0,1.0,1.0,1.0,1.0,safe,safe
rs78416151,4,6,0,1.0,1.0,1.0,1.0,safe,safe
rs77247065,4,6,0,1.0,1.0,1.0,1.0,safe,safe
rs11992171,4,2,4,-0.3333333333333333,-0.5630004034955738,-0.3333333333333333,-0.3333333333333333,mixed,mixed
rs9656816,4,3,3,0.0,-0.9327562169025612,-0.3333333333333333,-0.3333333333333333,mixed,mixed
rs10818241,4,3,3,0.0,0.6180085271832189,1.0,1.0,mixed,safe
rs7837688,4,3,3,0.0,-0.9352191734862768,-0.3333333333333333,-0.3333333333333333,mixed,mixed
rs10505477,4,2,4,-0.3333333333333333,-0.24647313571939763,-0.3333333333333333,-0.3333333333333333,mixed,mixed
rs4242384,4,3,3,0.0,-0.9549588371681018,-0.3333333333333333,-0.3333333333333333,mixed,mixed
rs10984253,4,3,3,0.0,0.5913019179539598,1.0,1.0,mixed,safe
rs4431561,4,3,3,0.0,-0.9581617190326587,-0.3333333333333333,-0.3333333333333333,mixed,mixed
rs2869030,3,3,0,1.0,1.0,1.0,1.0,safe,safe
rs28511883,3,3,0,1.0,1.0,1.0,1.0,safe,safe
rs8027972,3,3,0,1.0,1.0,1.0,1.0,safe,safe
rs55958997,3,3,0,1.0,1.0,1.0,1.0,safe,safe
rs2170311,3,3,0,1.0,1.0,1.0,1.0,safe,safe
rs3813570,3,3,0,1.0,1.0,1.0,1.0,safe,safe
rs16969894,3,3,0,1.0,1.0,1.0,1.0,safe,safe
rs17486278,3,3,0,1.0,1.0,1.0,1.0,safe,safe
rs2938670,3,3,0,1.0,1.0,1.0,1.0,safe,safe
rs7181245,3,3,0,1.0,1.0,1.0,1.0,safe,safe
rs11638372,3,3,0,1.0,1.0,1.0,1.0,safe,safe
rs138544659,3,3,0,1.0,1.0,1.0,1.0,safe,safe
rs11639375,3,3,0,1.0,1.0,1.0,1.0,safe,safe
rs951266,3,3,0,1.0,1.0,1.0,1.0,safe,safe
rs8192482,3,3,0,1.0,1.0,1.0,1.0,safe,safe
rs1700006,3,3,0,1.0,1.0,1.0,1.0,safe,safe
rs3894347,3,3,0,1.0,1.0,1.0,1.0,safe,safe
rs1316971,3,3,0,1.0,1.0,1.0,1.0,safe,safe
rs17487223,3,3,0,1.0,1.0,1.0,1.0,safe,safe
rs12439240,3,3,0,1.0,1.0,1.0,1.0,safe,safe
rs4887083,3,3,0,1.0,1.0,1.0,1.0,safe,safe
rs189218934,3,3,0,1.0,1.0,1.0,1.0,safe,safe
rs11857532,3,3,0,1.0,1.0,1.0,1.0,safe,safe
rs2036527,3,3,0,1.0,1.0,1.0,1.0,safe,safe
rs11072805,3,3,0,1.0,1.0,1.0,1.0,safe,safe
rs578776,3,3,0,1.0,1.0,1.0,1.0,safe,safe
rs13329271,3,3,0,1.0,1.0,1.0,1.0,safe,safe
rs1996371,3,3,0,1.0,1.0,1.0,1.0,safe,safe
rs35202847,3,3,0,1.0,1.0,1.0,1.0,safe,safe
rs2938674,3,3,0,1.0,1.0,1.0,1.0,safe,safe
rs12441426,3,3,0,1.0,1.0,1.0,1.0,safe,safe
rs12101809,3,3,0,1.0,1.0,1.0,1.0,safe,safe
rs8042374,3,3,0,1.0,1.0,1.0,1.0,safe,safe
rs13170453,3,3,0,1.0,1.0,1.0,1.0,safe,safe
rs4871022,3,1,2,-0.3333333333333333,-0.030808217474551584,-0.3333333333333333,-0.3333333333333333,mixed,mixed
rs7049054,3,1,2,-0.3333333333333333,0.19637518041212496,1.0,1.0,mixed,safe
rs6478469,3,1,2,-0.3333333333333333,0.3713500490451122,1.0,1.0,mixed,safe
rs1866343,3,1,2,-0.3333333333333333,-0.8830100916898146,-0.3333333333333333,-0.3333333333333333,mixed,mixed
rs2417575,3,1,2,-0.3333333333333333,0.4534909877174554,1.0,1.0,mixed,safe
rs4872171,3,1,2,-0.3333333333333333,-0.8792120349677706,-0.3333333333333333,-0.3333333333333333,mixed,mixed
rs10956367,3,1,2,-0.3333333333333333,-0.0688137836762901,-0.3333333333333333,-0.3333333333333333,mixed,mixed
rs4672832,3,1,2,-0.3333333333333333,0.2114378195505571,1.0,1.0,mixed,safe
rs7847259,3,1,2,-0.3333333333333333,0.035569318287588164,1.0,1.0,mixed,safe
rs7829619,3,1,2,-0.3333333333333333,-0.8768882640344776,-0.3333333333333333,-0.3333333333333333,mixed,mixed
rs12418451,3,1,2,-0.3333333333333333,-0.9930151831843885,-0.3333333333333333,-0.3333333333333333,mixed,mixed
rs894672,3,1,2,-0.3333333333333333,0.06584531609336466,1.0,1.0,mixed,safe
rs4872175,3,1,2,-0.3333333333333333,-0.9033463990522672,-0.3333333333333333,-0.3333333333333333,mixed,mixed
rs6478437,3,1,2,-0.3333333333333333,0.20584739489991752,1.0,1.0,mixed,safe
rs10808556,3,1,2,-0.3333333333333333,-0.05845101754312416,-0.3333333333333333,-0.3333333333333333,mixed,mixed
rs10115216,3,1,2,-0.3333333333333333,0.35427390669768,1.0,1.0,mixed,safe
rs9911515,3,1,2,-0.3333333333333333,0.9411972580142408,-0.3333333333333333,-0.3333333333333333,mixed,mixed
rs10759960,3,1,2,-0.3333333333333333,-0.0678871796110227,1.0,1.0,mixed,safe
rs11097882,3,1,2,-0.3333333333333333,-0.85305911602138,-0.3333333333333333,-0.3333333333333333,mixed,mixed
rs7022148,3,1,2,-0.3333333333333333,0.3670206043509739,1.0,1.0,mixed,safe
rs12418968,3,1,2,-0.3333333333333333,-0.018188884096922382,-0.3333333333333333,-0.3333333333333333,mixed,mixed
rs6745321,3,3,0,1.0,1.0,1.0,1.0,safe,safe
rs7835802,3,1,2,-0.3333333333333333,-0.8808584061302512,-0.3333333333333333,-0.3333333333333333,mixed,mixed
rs13256300,3,1,2,-0.3333333333333333,-0.8813331428807355,-0.3333333333333333,-0.3333333333333333,mixed,mixed
rs1478595,3,1,2,-0.3333333333333333,0.19055152175516007,1.0,1.0,mixed,safe
rs2045932,3,1,2,-0.3333333333333333,0.2708383780903554,1.0,1.0,mixed,safe
rs3758249,3,1,2,-0.3333333333333333,0.22682802575734404,1.0,1.0,mixed,safe
rs1867277,3,1,2,-0.3333333333333333,0.2154355912326634,1.0,1.0,mixed,safe
rs11782388,3,1,2,-0.3333333333333333,-0.8946049584992474,-0.3333333333333333,-0.3333333333333333,mixed,mixed
rs16857609,3,1,2,-0.3333333333333333,0.17720039829054862,1.0,1.0,mixed,safe
rs7018368,3,1,2,-0.3333333333333333,-0.08102043456863345,-0.3333333333333333,-0.3333333333333333,mixed,mixed
rs1398240,3,1,2,-0.3333333333333333,-0.8816666626488485,-0.3333333333333333,-0.3333333333333333,mixed,mixed
rs7847010,3,1,2,-0.3333333333333333,0.2645439668406129,1.0,1.0,mixed,safe
rs10739513,3,1,2,-0.3333333333333333,0.00691994277152295,1.0,1.0,mixed,safe
rs4871803,3,1,2,-0.3333333333333333,-0.9722621100918889,-0.3333333333333333,-0.3333333333333333,mixed,mixed
rs3021526,3,1,2,-0.3333333333333333,0.1827037110641874,1.0,1.0,mixed,safe
rs4460498,3,1,2,-0.3333333333333333,0.3146023425866942,1.0,1.0,mixed,safe
rs13262683,3,1,2,-0.3333333333333333,-0.8791159564912916,-0.3333333333333333,-0.3333333333333333,mixed,mixed
rs12617808,3,3,0,1.0,1.0,1.0,1.0,safe,safe
rs12667688,3,3,0,1.0,1.0,1.0,1.0,safe,safe
rs10950473,3,3,0,1.0,1.0,1.0,1.0,safe,safe
rs1920116,3,3,0,1.0,1.0,1.0,1.0,safe,safe
rs13097028,3,3,0,1.0,1.0,1.0,1.0,safe,safe
rs12532128,3,3,0,1.0,1.0,1.0,1.0,safe,safe
rs10842704,3,3,0,1.0,1.0,1.0,1.0,safe,safe
rs12537914,3,3,0,1.0,1.0,1.0,1.0,safe,safe
rs2758598,3,3,0,1.0,1.0,1.0,1.0,safe,safe
rs4955678,3,3,0,1.0,1.0,1.0,1.0,safe,safe
rs2984613,3,3,0,1.0,1.0,1.0,1.0,safe,safe
rs4721264,3,3,0,1.0,1.0,1.0,1.0,safe,safe
rs10049456,3,3,0,1.0,1.0,1.0,1.0,safe,safe
rs12889140,3,3,0,1.0,1.0,1.0,1.0,safe,safe
rs6793160,3,3,0,1.0,1.0,1.0,1.0,safe,safe
rs143190905,3,3,0,1.0,1.0,1.0,1.0,safe,safe
rs34922657,3,3,0,1.0,1.0,1.0,1.0,safe,safe
rs2736611,3,3,0,1.0,1.0,1.0,1.0,safe,safe
rs9882101,3,3,0,1.0,1.0,1.0,1.0,safe,safe
rs10743579,3,3,0,1.0,1.0,1.0,1.0,safe,safe
rs12536062,3,3,0,1.0,1.0,1.0,1.0,safe,safe
rs11627524,3,3,0,1.0,1.0,1.0,1.0,safe,safe
rs16854453,3,3,0,1.0,1.0,1.0,1.0,safe,safe
rs6475315,3,3,0,1.0,1.0,1.0,1.0,safe,safe
rs113513894,3,3,0,1.0,1.0,1.0,1.0,safe,safe
rs62113214,3,1,2,-0.3333333333333333,0.012985349116202107,-0.3333333333333333,-0.3333333333333333,mixed,mixed
rs6470494,3,1,2,-0.3333333333333333,0.031754430319911986,-0.3333333333333333,-0.3333333333333333,mixed,mixed
rs7127599,3,1,2,-0.3333333333333333,-0.4887384140611325,-0.3333333333333333,-0.3333333333333333,mixed,mixed
rs10840584,3,1,2,-0.3333333333333333,-0.42234444854716235,-0.3333333333333333,-0.3333333333333333,mixed,mixed
rs71455921,3,1,2,-0.3333333333333333,-0.364097838902553,-0.3333333333333333,-0.3333333333333333,mixed,mixed
rs7395734,3,1,2,-0.3333333333333333,-0.493792837868376,-0.3333333333333333,-0.3333333333333333,mixed,mixed
rs72853963,3,1,2,-0.3333333333333333,-0.38020374953984226,-0.3333333333333333,-0.3333333333333333,mixed,mixed
rs6579001,3,1,2,-0.3333333333333333,-0.41592213392309413,-0.3333333333333333,-0.3333333333333333,mixed,mixed
rs7109219,3,1,2,-0.3333333333333333,-0.3836713203863001,-0.3333333333333333,-0.3333333333333333,mixed,mixed
rs7126857,3,1,2,-0.3333333333333333,-0.40765892666573006,-0.3333333333333333,-0.3333333333333333,mixed,mixed
rs11043143,3,1,2,-0.3333333333333333,-0.4893779240289444,-0.3333333333333333,-0.3333333333333333,mixed,mixed
rs452384,2,1,0,1.0,1.0,1.0,1.0,safe,safe
rs12442476,2,1,0,1.0,1.0,1.0,1.0,safe,safe
rs421629,2,1,0,1.0,1.0,1.0,1.0,safe,safe
rs6495341,2,1,0,1.0,1.0,1.0,1.0,safe,safe
rs401681,2,1,0,1.0,1.0,1.0,1.0,safe,safe
rs58021857,2,1,0,1.0,1.0,1.0,1.0,safe,safe
rs4389112,2,1,0,1.0,1.0,1.0,1.0,safe,safe
rs8024048,2,1,0,1.0,1.0,1.0,1.0,safe,safe
rs1994016,2,1,0,1.0,1.0,1.0,1.0,safe,safe
rs3890715,2,1,0,1.0,1.0,1.0,1.0,safe,safe
rs455433,2,1,0,1.0,1.0,1.0,1.0,safe,safe
rs11637783,2,1,0,1.0,1.0,1.0,1.0,safe,safe
rs12903668,2,1,0,1.0,1.0,1.0,1.0,safe,safe
rs8028410,2,1,0,1.0,1.0,1.0,1.0,safe,safe
rs61574973,2,1,0,1.0,1.0,1.0,1.0,safe,safe
rs7164665,2,1,0,1.0,1.0,1.0,1.0,safe,safe
rs1052035,2,1,0,1.0,1.0,1.0,1.0,safe,safe
rs7182716,2,1,0,1.0,1.0,1.0,1.0,safe,safe
rs8041064,2,1,0,1.0,1.0,1.0,1.0,safe,safe
rs10083697,2,1,0,1.0,1.0,1.0,1.0,safe,safe
rs2735946,2,1,0,1.0,1.0,1.0,1.0,safe,safe
rs8035093,2,1,0,1.0,1.0,1.0,1.0,safe,safe
rs9920493,2,1,0,1.0,1.0,1.0,1.0,safe,safe
rs8041818,2,1,0,1.0,1.0,1.0,1.0,safe,safe
rs8038920,2,1,0,1.0,1.0,1.0,1.0,safe,safe
rs28379291,2,1,0,1.0,1.0,1.0,1.0,safe,safe
rs2233956,2,1,0,1.0,1.0,1.0,1.0,safe,safe
rs3130985,2,1,0,1.0,1.0,1.0,1.0,safe,safe
rs3115672,2,1,0,1.0,1.0,1.0,1.0,safe,safe
rs3117575,2,1,0,1.0,1.0,1.0,1.0,safe,safe
rs3131380,2,1,0,1.0,1.0,1.0,1.0,safe,safe
rs3130557,2,1,0,1.0,1.0,1.0,1.0,safe,safe
rs9272462,2,1,0,1.0,1.0,1.0,1.0,safe,safe
rs9271627,2,1,0,1.0,1.0,1.0,1.0,safe,safe
rs1156850,2,1,0,1.0,1.0,1.0,1.0,safe,safe
rs12223972,2,0,1,-1.0,-1.0,-1.0,-1.0,risky,risky
rs10896429,2,0,1,-1.0,-1.0,-1.0,-1.0,risky,risky
rs8079315,2,1,0,1.0,1.0,-1.0,-1.0,safe,risky
rs4903078,2,1,0,1.0,1.0,1.0,1.0,safe,safe
rs12435321,2,1,0,1.0,1.0,1.0,1.0,safe,safe
rs12435078,2,1,0,1.0,1.0,1.0,1.0,safe,safe
rs4721287,2,1,0,1.0,1.0,1.0,1.0,safe,safe
rs2842865,2,1,0,1.0,1.0,1.0,1.0,safe,safe
rs16983884,2,1,0,1.0,1.0,1.0,1.0,safe,safe
rs4721282,2,1,0,1.0,1.0,1.0,1.0,safe,safe
rs17122577,2,1,0,1.0,1.0,1.0,1.0,safe,safe
rs4721190,2,0,1,-1.0,-1.0,1.0,1.0,risky,safe
rs11621489,2,1,0,1.0,1.0,1.0,1.0,safe,safe
rs10950407,2,1,0,1.0,1.0,1.0,1.0,safe,safe
rs11557347,2,0,1,-1.0,-1.0,1.0,1.0,risky,safe
rs11158999,2,1,0,1.0,1.0,1.0,1.0,safe,safe
rs11158998,2,1,0,1.0,1.0,1.0,1.0,safe,safe
rs6606667,2,1,0,1.0,1.0,1.0,1.0,safe,safe
rs34433136,2,1,0,1.0,1.0,1.0,1.0,safe,safe
rs113466970,2,1,0,1.0,1.0,1.0,1.0,safe,safe
rs9878797,2,1,0,1.0,1.0,1.0,1.0,safe,safe
rs13244345,2,0,1,-1.0,-1.0,1.0,1.0,risky,safe
rs6950151,2,0,1,-1.0,-1.0,1.0,1.0,risky,safe
rs72730359,2,1,0,1.0,1.0,1.0,1.0,safe,safe
rs1007934,2,1,0,1.0,1.0,1.0,1.0,safe,safe
rs10269191,2,0,1,-1.0,-1.0,1.0,1.0,risky,safe
rs2540175,2,1,0,1.0,1.0,1.0,1.0,safe,safe
rs12194182,2,1,0,1.0,1.0,1.0,1.0,safe,safe
rs3072,2,1,0,1.0,1.0,1.0,1.0,safe,safe
rs3918286,2,1,0,1.0,1.0,1.0,1.0,safe,safe
rs3105751,2,1,0,1.0,1.0,1.0,1.0,safe,safe
rs7202240,2,1,0,1.0,1.0,1.0,1.0,safe,safe
rs35856653,2,1,0,1.0,1.0,1.0,1.0,safe,safe
rs74723351,2,1,0,1.0,1.0,1.0,1.0,safe,safe
rs11150188,2,1,0,1.0,1.0,1.0,1.0,safe,safe
rs10181989,2,1,0,1.0,1.0,1.0,1.0,safe,safe
rs10271646,2,1,0,1.0,1.0,1.0,1.0,safe,safe
rs7467618,2,1,0,1.0,1.0,1.0,1.0,safe,safe
rs12967001,2,1,0,1.0,1.0,1.0,1.0,safe,safe
rs17384696,2,1,0,1.0,1.0,1.0,1.0,safe,safe
rs13269511,2,1,0,1.0,1.0,1.0,1.0,safe,safe
rs12962403,2,1,0,1.0,1.0,1.0,1.0,safe,safe
rs7847449,2,1,0,1.0,1.0,1.0,1.0,safe,safe
rs4733801,2,1,0,1.0,1.0,1.0,1.0,safe,safe
rs4674161,2,1,0,1.0,1.0,1.0,1.0,safe,safe
rs4733579,2,1,0,1.0,1.0,1.0,1.0,safe,safe
rs7167768,2,1,0,1.0,1.0,1.0,1.0,safe,safe
rs6706673,2,1,0,1.0,1.0,1.0,1.0,safe,safe
rs12906095,2,1,0,1.0,1.0,1.0,1.0,safe,safe
rs874839,2,1,0,1.0,1.0,1.0,1.0,safe,safe
rs1059393,2,1,0,1.0,1.0,1.0,1.0,safe,safe
rs78738909,2,1,0,1.0,1.0,1.0,1.0,safe,safe
rs3813582,2,1,0,1.0,1.0,1.0,1.0,safe,safe
rs2412541,2,1,0,1.0,1.0,1.0,1.0,safe,safe
rs61349367,2,1,0,1.0,1.0,1.0,1.0,safe,safe
rs57004880,2,1,0,1.0,1.0,1.0,1.0,safe,safe
rs10400825,2,1,0,1.0,1.0,1.0,1.0,safe,safe
rs7856768,2,1,0,1.0,1.0,1.0,1.0,safe,safe
rs2568158,2,1,0,1.0,1.0,1.0,1.0,safe,safe
rs4439216,2,1,0,1.0,1.0,1.0,1.0,safe,safe
rs1382438,2,1,0,1.0,1.0,1.0,1.0,safe,safe
rs10956392,2,1,0,1.0,1.0,1.0,1.0,safe,safe
rs8035775,2,1,0,1.0,1.0,1.0,1.0,safe,safe
rs7022807,2,1,0,1.0,1.0,1.0,1.0,safe,safe
rs16950982,2,1,0,1.0,1.0,1.0,1.0,safe,safe
rs77515996,2,1,0,1.0,1.0,1.0,1.0,safe,safe
rs2750483,2,1,0,1.0,1.0,1.0,1.0,safe,safe
rs28684409,2,1,0,1.0,1.0,1.0,1.0,safe,safe
rs1758205,2,1,0,1.0,1.0,1.0,1.0,safe,safe
rs79350921,2,1,0,1.0,1.0,1.0,1.0,safe,safe
rs111572611,2,1,0,1.0,1.0,1.0,1.0,safe,safe
rs17851970,2,1,0,1.0,1.0,1.0,1.0,safe,safe
rs1151624,2,1,0,1.0,1.0,1.0,1.0,safe,safe
rs112747606,2,1,0,1.0,1.0,1.0,1.0,safe,safe
rs11636809,2,1,0,1.0,1.0,1.0,1.0,safe,safe
rs1741708,2,1,0,1.0,1.0,1.0,1.0,safe,safe
rs2872881,2,1,0,1.0,1.0,1.0,1.0,safe,safe
rs6122154,2,1,0,1.0,1.0,1.0,1.0,safe,safe
rs72853920,2,0,1,-1.0,-1.0,-1.0,-1.0,risky,risky
rs77050488,2,0,1,-1.0,-1.0,-1.0,-1.0,risky,risky
rs118097379,2,1,0,1.0,1.0,-1.0,-1.0,safe,risky
rs7223387,2,0,1,-1.0,-1.0,-1.0,-1.0,risky,risky
rs847560,2,0,1,-1.0,-1.0,-1.0,-1.0,risky,risky
rs55914512,2,1,0,1.0,1.0,-1.0,-1.0,safe,risky
rs6533183,2,0,1,-1.0,-1.0,-1.0,-1.0,risky,risky
rs12169371,2,0,1,-1.0,-1.0,-1.0,-1.0,risky,risky
rs139653137,2,1,0,1.0,1.0,-1.0,-1.0,safe,risky
rs12796066,2,0,1,-1.0,-1.0,-1.0,-1.0,risky,risky
rs11768309,2,0,1,-1.0,-1.0,-1.0,-1.0,risky,risky
rs35907927,2,0,1,-1.0,-1.0,-1.0,-1.0,risky,risky
rs7808528,2,0,1,-1.0,-1.0,-1.0,-1.0,risky,risky
rs10107982,2,1,0,1.0,1.0,-1.0,-1.0,safe,risky
rs13240869,2,0,1,-1.0,-1.0,-1.0,-1.0,risky,risky
rs7804318,2,0,1,-1.0,-1.0,-1.0,-1.0,risky,risky
rs10743181,2,0,1,-1.0,-1.0,-1.0,-1.0,risky,risky
rs12670686,2,0,1,-1.0,-1.0,-1.0,-1.0,risky,risky
rs117520198,2,0,1,-1.0,-1.0,-1.0,-1.0,risky,risky
rs113094235,2,0,1,-1.0,-1.0,-1.0,-1.0,risky,risky
rs75321049,2,0,1,-1.0,-1.0,-1.0,-1.0,risky,risky
rs11043050,2,0,1,-1.0,-1.0,-1.0,-1.0,risky,risky
rs381194,2,1,0,1.0,1.0,-1.0,-1.0,safe,risky
rs79357683,2,0,1,-1.0,-1.0,-1.0,-1.0,risky,risky
rs79485992,2,1,0,1.0,1.0,-1.0,-1.0,safe,risky
rs71277158,2,1,0,1.0,1.0,-1.0,-1.0,safe,risky
rs7823764,2,0,1,-1.0,-1.0,-1.0,-1.0,risky,risky
rs72853954,2,0,1,-1.0,-1.0,-1.0,-1.0,risky,risky
rs1487240,2,0,1,-1.0,-1.0,-1.0,-1.0,risky,risky
rs7791463,2,0,1,-1.0,-1.0,-1.0,-1.0,risky,risky
rs10896439,2,1,0,1.0,1.0,-1.0,-1.0,safe,risky
rs17027650,2,0,1,-1.0,-1.0,-1.0,-1.0,risky,risky
rs4075003,2,0,1,-1.0,-1.0,-1.0,-1.0,risky,risky
rs28615829,2,0,1,-1.0,-1.0,-1.0,-1.0,risky,risky
rs75753382,2,1,0,1.0,1.0,-1.0,-1.0,safe,risky
rs7823297,2,0,1,-1.0,-1.0,-1.0,-1.0,risky,risky
rs7837328,2,0,1,-1.0,-1.0,-1.0,-1.0,risky,risky
rs2124597,2,1,0,1.0,1.0,-1.0,-1.0,safe,risky
rs11564691,2,0,1,-1.0,-1.0,-1.0,-1.0,risky,risky
