SNP,gene,n_sig,n_conc,n_ant,DSI,DSI_weighted
rs2401637,PTCSC2,6,15,0,1.0,1.0
rs7030280,PTCSC2,6,15,0,1.0,1.0
rs41309931,RTEL1,4,6,0,1.0,1.0
rs78416151,LOC102724265,4,6,0,1.0,1.0
rs77247065,LOC102724265,4,6,0,1.0,1.0
rs11992171,CASC8,4,2,4,-0.3333333333333333,-0.38048555180134663
rs9656816,CASC8,4,2,4,-0.3333333333333333,-0.42465497655517304
rs10818241,TRMO,4,6,0,1.0,1.0
rs7837688,CASC8,4,2,4,-0.3333333333333333,-0.41901763099765116
rs10505477,CASC21,4,2,4,-0.3333333333333333,-0.40363526981656556
rs4242384,CASC8,4,2,4,-0.3333333333333333,-0.41567241971617963
rs10984253,TRMO,4,6,0,1.0,1.0
rs4431561,CASC8,4,2,4,-0.3333333333333333,-0.4202813628091749
rs2869030,IREB2,3,3,0,1.0,1.0
rs28511883,IREB2,3,3,0,1.0,1.0
rs8027972,LOC646938,3,3,0,1.0,1.0
rs55958997,CHRNB4,3,3,0,1.0,1.0
rs2170311,CHRNB4,3,3,0,1.0,1.0
rs3813570,PSMA4,3,3,0,1.0,1.0
rs16969894,IREB2,3,3,0,1.0,1.0
rs17486278,CHRNA5,3,3,0,1.0,1.0
rs2938670,IREB2,3,3,0,1.0,1.0
rs7181245,HYKK,3,3,0,1.0,1.0
rs11638372,CHRNB4,3,3,0,1.0,1.0
rs138544659,CHRNA3,3,3,0,1.0,1.0
rs11639375,LOC646938,3,3,0,1.0,1.0
rs951266,CHRNA3,3,3,0,1.0,1.0
rs8192482,CHRNA3,3,3,0,1.0,1.0
rs1700006,CHRNA3,3,3,0,1.0,1.0
rs3894347,LOC646938,3,3,0,1.0,1.0
rs1316971,CHRNB4,3,3,0,1.0,1.0
rs17487223,CHRNB4,3,3,0,1.0,1.0
rs12439240,HYKK,3,3,0,1.0,1.0
rs4887083,LOC646938,3,3,0,1.0,1.0
rs189218934,CHRNA3,3,3,0,1.0,1.0
rs11857532,CHRNB4,3,3,0,1.0,1.0
rs2036527,CHRNA5,3,3,0,1.0,1.0
rs11072805,ADAMTS7,3,3,0,1.0,1.0
rs578776,CHRNA5,3,3,0,1.0,1.0
rs13329271,CHRNA3,3,3,0,1.0,1.0
rs1996371,CHRNB4,3,3,0,1.0,1.0
rs35202847,SH3PXD2A,3,3,0,1.0,1.0
rs2938674,IREB2,3,3,0,1.0,1.0
rs12441426,HYKK,3,3,0,1.0,1.0
rs12101809,IREB2,3,3,0,1.0,1.0
rs8042374,CHRNA3,3,3,0,1.0,1.0
rs13170453,CLPTM1L,3,3,0,1.0,1.0
rs4871022,POU5F1B,3,1,2,-0.3333333333333333,-0.6973349642101854
rs7049054,PTCSC2,3,3,0,1.0,1.0
rs6478469,TRMO,3,3,0,1.0,1.0
rs1866343,NKX3-1,3,1,2,-0.3333333333333333,-0.6295896318557024
rs2417575,FOXE1,3,3,0,1.0,1.0
rs4872171,NKX3-1,3,1,2,-0.3333333333333333,-0.6185712649331698
rs10956367,POU5F1B,3,1,2,-0.3333333333333333,-0.6978363855409484
rs4672832,DIRC3-AS1,3,3,0,1.0,1.0
rs7847259,PTCSC2,3,3,0,1.0,1.0
rs7829619,NKX3-1,3,1,2,-0.3333333333333333,-0.6150520988289542
rs12418451,LOC338694,3,1,2,-0.3333333333333333,-0.6309272601046744
rs894672,PTCSC2,3,3,0,1.0,1.0
rs4872175,NKX3-1,3,1,2,-0.3333333333333333,-0.6293345071457298
rs6478437,PTCSC2,3,3,0,1.0,1.0
rs10808556,CCAT2,3,1,2,-0.3333333333333333,-0.6946068880081939
rs10115216,TRMO,3,3,0,1.0,1.0
rs9911515,CASC17,3,1,2,-0.3333333333333333,-0.17436236859739407
rs10759960,PTCSC2,3,3,0,1.0,1.0
rs11097882,TET2-AS1,3,1,2,-0.3333333333333333,-0.608573323888904
rs7022148,TRMO,3,3,0,1.0,1.0
rs12418968,LOC338694,3,1,2,-0.3333333333333333,-0.6485283049587216
rs6745321,DIRC3-AS1,3,3,0,1.0,1.0
rs7835802,NKX3-1,3,1,2,-0.3333333333333333,-0.6173219389258116
rs13256300,NKX3-1,3,1,2,-0.3333333333333333,-0.6233143699381645
rs1478595,DIRC3-AS1,3,3,0,1.0,1.0
rs2045932,DIRC3-AS1,3,3,0,1.0,1.0
rs3758249,PTCSC2,3,3,0,1.0,1.0
rs1867277,FOXE1,3,3,0,1.0,1.0
rs11782388,NKX3-1,3,1,2,-0.3333333333333333,-0.6288964579480496
rs16857609,DIRC3-AS1,3,3,0,1.0,1.0
rs7018368,POU5F1B,3,1,2,-0.3333333333333333,-0.6965261049131077
rs1398240,NKX3-1,3,1,2,-0.3333333333333333,-0.6236652816340799
rs7847010,FOXE1,3,3,0,1.0,1.0
rs10739513,PTCSC2,3,3,0,1.0,1.0
rs4871803,CASC8,3,1,2,-0.3333333333333333,-0.6740850943042821
rs3021526,FOXE1,3,3,0,1.0,1.0
rs4460498,FOXE1,3,3,0,1.0,1.0
rs13262683,NKX3-1,3,1,2,-0.3333333333333333,-0.6188104886994745
rs12617808,DIRC3-AS1,3,3,0,1.0,1.0
rs12667688,MIR4655,3,3,0,1.0,1.0
rs10950473,MIR4655,3,3,0,1.0,1.0
rs1920116,LRRC31,3,3,0,1.0,1.0
rs13097028,TERC,3,3,0,1.0,1.0
rs12532128,MIR4655,3,3,0,1.0,1.0
rs10842704,ITPR2,3,3,0,1.0,1.0
rs12537914,MIR4655,3,3,0,1.0,1.0
rs2758598,PMF1-BGLAP,3,3,0,1.0,1.0
rs4955678,LRRC31,3,3,0,1.0,1.0
rs2984613,PMF1,3,3,0,1.0,1.0
rs4721264,SNORA114,3,3,0,1.0,1.0
rs10049456,LRRC31,3,3,0,1.0,1.0
rs12889140,DPF3,3,3,0,1.0,1.0
rs6793160,LRRIQ4,3,3,0,1.0,1.0
rs143190905,RTEL1-TNFRSF6B,3,3,0,1.0,1.0
rs34922657,MIR4655,3,3,0,1.0,1.0
rs2736611,PMF1,3,3,0,1.0,1.0
rs9882101,LRRIQ4,3,3,0,1.0,1.0
rs10743579,ITPR2,3,3,0,1.0,1.0
rs12536062,MIR4655,3,3,0,1.0,1.0
rs11627524,DPF3,3,3,0,1.0,1.0
rs16854453,LRRC31,3,3,0,1.0,1.0
rs6475315,SCARNA8,3,3,0,1.0,1.0
rs113513894,MAP2K1,3,3,0,1.0,1.0
rs62113214,KLK3,3,1,2,-0.3333333333333333,-0.369964518984833
rs6470494,PCAT2,3,1,2,-0.3333333333333333,-0.1709490930556378
rs7127599,MIR4686,3,1,2,-0.3333333333333333,-0.35061005705073817
rs10840584,MIR4686,3,1,2,-0.3333333333333333,-0.328831900212294
rs71455921,MIR4686,3,1,2,-0.3333333333333333,-0.3215482668313823
rs7395734,MIR4686,3,1,2,-0.3333333333333333,-0.34743850521296643
rs72853963,MIR4686,3,1,2,-0.3333333333333333,-0.390449306603682
rs6579001,MIR4686,3,1,2,-0.3333333333333333,-0.338399251833997
rs7109219,MIR4686,3,1,2,-0.3333333333333333,-0.32882907805108014
rs7126857,MIR4686,3,1,2,-0.3333333333333333,-0.327369718758569
rs11043143,MIR4686,3,1,2,-0.3333333333333333,-0.3465177566383337
rs452384,CLPTM1L,2,1,0,1.0,1.0
rs12442476,ADAMTS7,2,1,0,1.0,1.0
rs421629,CLPTM1L,2,1,0,1.0,1.0
rs6495341,ADAMTS7,2,1,0,1.0,1.0
rs401681,CLPTM1L,2,1,0,1.0,1.0
rs58021857,ADAMTS7,2,1,0,1.0,1.0
rs4389112,ADAMTS7,2,1,0,1.0,1.0
rs8024048,ADAMTS7,2,1,0,1.0,1.0
rs1994016,ADAMTS7,2,1,0,1.0,1.0
rs3890715,ADAMTS7,2,1,0,1.0,1.0
rs455433,CLPTM1L,2,1,0,1.0,1.0
rs11637783,MORF4L1,2,1,0,1.0,1.0
rs12903668,ADAMTS7,2,1,0,1.0,1.0
rs8028410,ADAMTS7,2,1,0,1.0,1.0
rs61574973,MIR4457,2,1,0,1.0,1.0
rs7164665,CHRNB4,2,1,0,1.0,1.0
rs1052035,PSMA4,2,1,0,1.0,1.0
rs7182716,ADAMTS7,2,1,0,1.0,1.0
rs8041064,ADAMTS7,2,1,0,1.0,1.0
rs10083697,ADAMTS7,2,1,0,1.0,1.0
rs2735946,TERT,2,1,0,1.0,1.0
rs8035093,ADAMTS7,2,1,0,1.0,1.0
rs9920493,ADAMTS7,2,1,0,1.0,1.0
rs8041818,MORF4L1,2,1,0,1.0,1.0
rs8038920,CHRNB4,2,1,0,1.0,1.0
rs28379291,CLPTM1L,2,1,0,1.0,1.0
rs2233956,C6orf15,2,1,0,1.0,1.0
rs3130985,CDSN,2,1,0,1.0,1.0
rs3115672,MSH5,2,1,0,1.0,1.0
rs3117575,MSH5,2,1,0,1.0,1.0
rs3131380,MSH5,2,1,0,1.0,1.0
rs3130557,CDSN,2,1,0,1.0,1.0
rs9272462,HLA-DQA1,2,1,0,1.0,1.0
rs9271627,HLA-DQA1,2,1,0,1.0,1.0
rs1156850,PTCSC2,2,1,0,1.0,1.0
rs12223972,LOC338694,2,0,1,-1.0,-1.0
rs10896429,TPCN2,2,0,1,-1.0,-1.0
rs8079315,CASC17,2,0,1,-1.0,-1.0
rs4903078,DCAF4,2,1,0,1.0,1.0
rs12435321,DPF3,2,1,0,1.0,1.0
rs12435078,DPF3,2,1,0,1.0,1.0
rs4721287,SNORA114,2,1,0,1.0,1.0
rs2842865,SLC25A44,2,1,0,1.0,1.0
rs16983884,RTEL1,2,1,0,1.0,1.0
rs4721282,SNORA114,2,1,0,1.0,1.0
rs17122577,DCAF4,2,1,0,1.0,1.0
rs4721190,MIR4655,2,1,0,1.0,1.0
rs11621489,DCAF4,2,1,0,1.0,1.0
rs10950407,MIR4655,2,1,0,1.0,1.0
rs11557347,MIR4655,2,1,0,1.0,1.0
rs11158999,DCAF4,2,1,0,1.0,1.0
rs11158998,DCAF4,2,1,0,1.0,1.0
rs6606667,LOC102724265,2,1,0,1.0,1.0
rs34433136,DCAF4,2,1,0,1.0,1.0
rs113466970,DPF3,2,1,0,1.0,1.0
rs9878797,LRRC34,2,1,0,1.0,1.0
rs13244345,MIR4655,2,1,0,1.0,1.0
rs6950151,MIR4655,2,1,0,1.0,1.0
rs72730359,DPF3,2,1,0,1.0,1.0
rs1007934,ZFYVE1,2,1,0,1.0,1.0
rs10269191,MIR4655,2,1,0,1.0,1.0
rs2540175,PMF1-BGLAP,2,1,0,1.0,1.0
rs12194182,SLC22A3,2,1,0,1.0,1.0
rs3072,GDF7,2,1,0,1.0,1.0
rs3918286,SLC22A3,2,1,0,1.0,1.0
rs3105751,SLC22A3,2,1,0,1.0,1.0
rs7202240,MAFTRR,2,1,0,1.0,1.0
rs35856653,DIRC3-AS1,2,1,0,1.0,1.0
rs74723351,DIRC3-AS1,2,1,0,1.0,1.0
rs11150188,MAFTRR,2,1,0,1.0,1.0
rs10181989,DIRC3-AS1,2,1,0,1.0,1.0
rs10271646,POT1-AS1,2,1,0,1.0,1.0
rs7467618,SCARNA8,2,1,0,1.0,1.0
rs12967001,YES1,2,1,0,1.0,1.0
rs17384696,FAF1,2,1,0,1.0,1.0
rs13269511,MIR1204,2,1,0,1.0,1.0
rs12962403,TYMS,2,1,0,1.0,1.0
rs7847449,PTCSC2,2,1,0,1.0,1.0
rs4733801,TMEM75,2,1,0,1.0,1.0
rs4674161,DIRC3-AS1,2,1,0,1.0,1.0
rs4733579,TMEM75,2,1,0,1.0,1.0
rs7167768,KNL1,2,1,0,1.0,1.0
rs6706673,DIRC3-AS1,2,1,0,1.0,1.0
rs12906095,KNL1,2,1,0,1.0,1.0
rs874839,DIRC3-AS1,2,1,0,1.0,1.0
rs1059393,TYMS,2,1,0,1.0,1.0
rs78738909,FAF1,2,1,0,1.0,1.0
rs3813582,MAFTRR,2,1,0,1.0,1.0
rs2412541,KNL1,2,1,0,1.0,1.0
rs61349367,DIRC3-AS1,2,1,0,1.0,1.0
rs57004880,DIRC3-AS1,2,1,0,1.0,1.0
rs10400825,KNL1,2,1,0,1.0,1.0
rs7856768,HAUS6,2,1,0,1.0,1.0
rs2568158,DIRC3-AS1,2,1,0,1.0,1.0
rs4439216,SCARNA8,2,1,0,1.0,1.0
rs1382438,DIRC3-AS1,2,1,0,1.0,1.0
rs10956392,MIR1204,2,1,0,1.0,1.0
rs8035775,KNL1,2,1,0,1.0,1.0
rs7022807,SCARNA8,2,1,0,1.0,1.0
rs16950982,MAFTRR,2,1,0,1.0,1.0
rs77515996,MAP2K1,2,1,0,1.0,1.0
rs2750483,ARFRP1,2,1,0,1.0,1.0
rs28684409,SNORD18B,2,1,0,1.0,1.0
rs1758205,LIME1,2,1,0,1.0,1.0
rs79350921,ZWILCH,2,1,0,1.0,1.0
rs111572611,SNAPC5,2,1,0,1.0,1.0
rs17851970,DIS3L,2,1,0,1.0,1.0
rs1151624,LIME1,2,1,0,1.0,1.0
rs112747606,MAP2K1,2,1,0,1.0,1.0
rs11636809,MAP2K1,2,1,0,1.0,1.0
rs1741708,SLC2A4RG,2,1,0,1.0,1.0
rs2872881,ARFRP1,2,1,0,1.0,1.0
rs6122154,LIME1,2,1,0,1.0,1.0
rs72853920,MIR4686,2,0,1,-1.0,-1.0
rs77050488,HNF1B,2,0,1,-1.0,-1.0
rs118097379,CCAT2,2,0,1,-1.0,-1.0
rs7223387,HNF1B,2,0,1,-1.0,-1.0
rs847560,LMTK2,2,0,1,-1.0,-1.0
rs55914512,KRT8,2,0,1,-1.0,-1.0
rs6533183,TET2-AS1,2,0,1,-1.0,-1.0
rs12169371,BIK,2,0,1,-1.0,-1.0
rs139653137,KRT78,2,0,1,-1.0,-1.0
rs12796066,LOC338694,2,0,1,-1.0,-1.0
rs11768309,LMTK2,2,0,1,-1.0,-1.0
rs35907927,CASC8,2,0,1,-1.0,-1.0
rs7808528,LMTK2,2,0,1,-1.0,-1.0
rs10107982,CASC8,2,0,1,-1.0,-1.0
rs13240869,LMTK2,2,0,1,-1.0,-1.0
rs7804318,LMTK2,2,0,1,-1.0,-1.0
rs10743181,MIR4686,2,0,1,-1.0,-1.0
rs12670686,LMTK2,2,0,1,-1.0,-1.0
rs117520198,MIR4686,2,0,1,-1.0,-1.0
rs113094235,KRT18,2,0,1,-1.0,-1.0
rs75321049,WDPCP,2,0,1,-1.0,-1.0
rs11043050,MIR4686,2,0,1,-1.0,-1.0
rs381194,SLC22A2,2,0,1,-1.0,-1.0
rs79357683,WDPCP,2,0,1,-1.0,-1.0
rs79485992,LOC338694,2,0,1,-1.0,-1.0
rs71277158,PRKCI,2,0,1,-1.0,-1.0
rs7823764,PCAT1,2,0,1,-1.0,-1.0
rs72853954,MIR4686,2,0,1,-1.0,-1.0
rs1487240,PCAT1,2,0,1,-1.0,-1.0
rs7791463,LMTK2,2,0,1,-1.0,-1.0
rs10896439,LOC338694,2,0,1,-1.0,-1.0
rs17027650,WDPCP,2,0,1,-1.0,-1.0
rs4075003,MIR4686,2,0,1,-1.0,-1.0
rs28615829,PCAT1,2,0,1,-1.0,-1.0
rs75753382,POU5F1B,2,0,1,-1.0,-1.0
rs7823297,PCAT1,2,0,1,-1.0,-1.0
rs7837328,POU5F1B,2,0,1,-1.0,-1.0
rs2124597,PCAT1,2,0,1,-1.0,-1.0
rs11564691,MIR4686,2,0,1,-1.0,-1.0
