rsid,instrument_set,beta,se,p,F,beta_harmonised_to
rs7359276,IREB2 cis-eQTL (GTEx lung),-0.108214,0.0203518,1.67179e-07,28.2723,ALT (eQTL)
rs7938812,smoking initiation (GSCAN),0.0185,0.0018,2.71e-33,105.633,ALT (GSCAN)
rs13030994,smoking initiation (GSCAN),0.0157,0.00176,3.56e-24,79.5745,ALT (GSCAN)
rs3001723,smoking initiation (GSCAN),0.0148,0.00192,8.12e-18,59.4184,ALT (GSCAN)
rs6788098,smoking initiation (GSCAN),-0.0126,0.00183,1.91e-17,47.4066,ALT (GSCAN)
rs240963,smoking initiation (GSCAN),-0.0175,0.00242,2.16e-17,52.2932,ALT (GSCAN)
rs1565735,smoking initiation (GSCAN),-0.0176,0.00227,3.42e-17,60.1137,ALT (GSCAN)
rs1004787,smoking initiation (GSCAN),0.0124,0.00178,5.27e-17,48.5292,ALT (GSCAN)
rs1435741,smoking initiation (GSCAN),0.0134,0.00178,2.64e-16,56.6721,ALT (GSCAN)
rs266047,smoking initiation (GSCAN),-0.0134,0.00178,3.36e-16,56.6721,ALT (GSCAN)
rs12356821,smoking initiation (GSCAN),0.0141,0.00256,6.27e-15,30.336,ALT (GSCAN)
rs12474587,smoking initiation (GSCAN),0.0111,0.00179,1.25e-14,38.4539,ALT (GSCAN)
rs10233018,smoking initiation (GSCAN),0.0132,0.00177,2.75e-14,55.6162,ALT (GSCAN)
rs13261666,smoking initiation (GSCAN),-0.0113,0.00176,3.9e-14,41.2222,ALT (GSCAN)
rs4044321,smoking initiation (GSCAN),-0.0131,0.00185,6.08e-14,50.1417,ALT (GSCAN)
