"gene","p1","p12","prior_ratio","idx1","idx2","hit1","hit2","PP.H3.abf","PP.H4.abf","n_snp"
"CHRNA5",1e-06,1e-08,10000,1,1,"rs77434238","rs4887067",0.999999496314614,5.03569848304544e-07,378
"CHRNA5",1e-06,1e-08,10000,1,2,"rs77434238","rs28498264",0.525780621762083,0.00455918227042474,378
"CHRNA5",1e-06,1e-07,1e+05,1,1,"rs77434238","rs4887067",0.999994964208813,5.03567566071566e-06,378
"CHRNA5",1e-06,1e-07,1e+05,1,2,"rs77434238","rs28498264",0.505056807385961,0.0437948061698126,378
"CHRNA5",1e-06,1e-06,1e+06,1,1,"rs77434238","rs4887067",0.999949645409983,5.03544744879421e-05,378
"CHRNA5",1e-06,1e-06,1e+06,1,2,"rs77434238","rs28498264",0.362267781811814,0.314131936328741,378
"CHRNA5",1e-06,1e-05,1e+07,1,1,"rs77434238","rs4887067",0.999496683237853,0.000503316646672227,378
"CHRNA5",1e-06,1e-05,1e+07,1,2,"rs77434238","rs28498264",0.0946563994383982,0.82079057355801,378
"CHRNA5",1e-06,1e-04,1e+08,1,1,"rs77434238","rs4887067",0.994989530094008,0.00501046979104092,378
"CHRNA5",1e-06,1e-04,1e+08,1,2,"rs77434238","rs28498264",0.011285930574438,0.978632769077326,378
"CHRNA5",1e-05,1e-08,100,1,1,"rs77434238","rs4887067",0.999999994952745,5.035700994038e-09,378
"CHRNA5",1e-05,1e-08,100,1,2,"rs77434238","rs28498264",0.917925543169734,7.95957418126979e-05,378
"CHRNA5",1e-05,1e-07,1000,1,1,"rs77434238","rs4887067",0.999999949631446,5.03570076581351e-08,378
"CHRNA5",1e-05,1e-07,1000,1,2,"rs77434238","rs28498264",0.91726844720726,0.000795387632908948,378
"CHRNA5",1e-05,1e-06,10000,1,1,"rs77434238","rs4887067",0.999999496418595,5.03569848356912e-07,378
"CHRNA5",1e-05,1e-06,10000,1,2,"rs77434238","rs28498264",0.910748861775182,0.00789734328644362,378
"CHRNA5",1e-05,1e-05,1e+05,1,1,"rs77434238","rs4887067",0.999994964312779,5.03567566123927e-06,378
"CHRNA5",1e-05,1e-05,1e+05,1,2,"rs77434238","rs28498264",0.850312009237385,0.0737327941804321,378
"CHRNA5",1e-05,1e-04,1e+06,1,1,"rs77434238","rs4887067",0.999949645513959,5.0354474493178e-05,378
"CHRNA5",1e-05,1e-04,1e+06,1,2,"rs77434238","rs28498264",0.511129171332269,0.443213568431866,378
"CHRNA5",1e-04,1e-08,1,1,1,"rs77434238","rs4887067",0.999999999948486,5.03570101919501e-11,378
"CHRNA5",1e-04,1e-08,1,1,2,"rs77434238","rs28498264",0.991145606954551,8.59448464169779e-07,378
"CHRNA5",1e-04,1e-07,10,1,1,"rs77434238","rs4887067",0.999999999495273,5.03570101691279e-10,378
"CHRNA5",1e-04,1e-07,10,1,2,"rs77434238","rs28498264",0.991137940466723,8.59441816356237e-06,378
"CHRNA5",1e-04,1e-06,100,1,1,"rs77434238","rs4887067",0.999999994963147,5.03570099409039e-09,378
"CHRNA5",1e-04,1e-06,100,1,2,"rs77434238","rs28498264",0.991061282110969,8.59375343876658e-05,378
"CHRNA5",1e-04,1e-05,1000,1,1,"rs77434238","rs4887067",0.999999949641834,5.03570076586583e-08,378
"CHRNA5",1e-04,1e-05,1000,1,2,"rs77434238","rs28498264",0.990295350244529,0.00085871118417938,378
"CHRNA5",1e-04,1e-04,10000,1,1,"rs77434238","rs4887067",0.999999496428997,5.03569848362143e-07,378
"CHRNA5",1e-04,1e-04,10000,1,2,"rs77434238","rs28498264",0.982700645926312,0.00852125616008254,378
"CHRNA5",0.001,1e-08,0.01,1,1,"rs77434238","rs4887067",0.999999999999375,5.0357010194513e-13,378
"CHRNA5",0.001,1e-08,0.01,1,2,"rs77434238","rs28498264",0.999107525891905,8.66352453810194e-09,378
"CHRNA5",0.001,1e-07,0.1,1,1,"rs77434238","rs4887067",0.999999999994856,5.03570101942857e-12,378
"CHRNA5",0.001,1e-07,0.1,1,2,"rs77434238","rs28498264",0.999107447989776,8.66352386259207e-08,378
"CHRNA5",0.001,1e-06,1,1,1,"rs77434238","rs4887067",0.999999999949523,5.03570101920031e-11,378
"CHRNA5",0.001,1e-06,1,1,2,"rs77434238","rs28498264",0.999106668969175,8.66351710749924e-07,378
"CHRNA5",0.001,1e-05,10,1,1,"rs77434238","rs4887067",0.99999999949631,5.03570101691809e-10,378
"CHRNA5",0.001,1e-05,10,1,2,"rs77434238","rs28498264",0.99909887882997,8.66344955715013e-06,378
"CHRNA5",0.001,1e-04,100,1,1,"rs77434238","rs4887067",0.999999994964185,5.03570099409561e-09,378
"CHRNA5",0.001,1e-04,100,1,2,"rs77434238","rs28498264",0.999020984118842,8.66277411159125e-05,378
"CHRNA5",0.01,1e-08,1e-04,1,1,"rs77434238","rs4887067",0.999999999999986,5.0357010194544e-15,378
"CHRNA5",0.01,1e-08,1e-04,1,2,"rs77434238","rs28498264",0.999910681625936,8.67048891303592e-11,378
"CHRNA5",0.01,1e-07,0.001,1,1,"rs77434238","rs4887067",0.999999999999943,5.03570101945421e-14,378
"CHRNA5",0.01,1e-07,0.001,1,2,"rs77434238","rs28498264",0.999910680845659,8.67048890626995e-10,378
"CHRNA5",0.01,1e-06,0.01,1,1,"rs77434238","rs4887067",0.999999999999488,5.03570101945194e-13,378
"CHRNA5",0.01,1e-06,0.01,1,2,"rs77434238","rs28498264",0.99991067304292,8.67048883861035e-09,378
"CHRNA5",0.01,1e-05,0.1,1,1,"rs77434238","rs4887067",0.999999999994955,5.03570101942914e-12,378
"CHRNA5",0.01,1e-05,0.1,1,2,"rs77434238","rs28498264",0.999910595015497,8.67048816201399e-08,378
"CHRNA5",0.01,1e-04,1,1,1,"rs77434238","rs4887067",0.999999999949637,5.03570101920088e-11,378
"CHRNA5",0.01,1e-04,1,1,2,"rs77434238","rs28498264",0.999909814741935,8.67048139605644e-07,378
"IREB2",1e-06,1e-08,10000,1,1,"rs7359276","rs4887067",0.326881568725154,0.0635586605895846,378
"IREB2",1e-06,1e-08,10000,1,2,"rs7359276","rs28498264",0.00378824325261569,0.979020631276852,378
"IREB2",1e-06,1e-07,1e+05,1,1,"rs7359276","rs4887067",0.207936232750285,0.404309991939757,378
"IREB2",1e-06,1e-07,1e+05,1,2,"rs7359276","rs28498264",0.000386114724111482,0.997861688749534,378
"IREB2",1e-06,1e-06,1e+06,1,1,"rs7359276","rs4887067",0.0448255333830646,0.871585043216928,378
"IREB2",1e-06,1e-06,1e+06,1,2,"rs7359276","rs28498264",3.86859227005189e-05,0.999785756567727,378
"IREB2",1e-06,1e-05,1e+07,1,1,"rs7359276","rs4887067",0.00506831618135949,0.985480427018455,378
"IREB2",1e-06,1e-05,1e+07,1,2,"rs7359276","rs28498264",3.8693383523482e-06,0.999978571524953,378
"IREB2",1e-06,1e-04,1e+08,1,1,"rs7359276","rs4887067",0.000513542392761685,0.99852881785902,378
"IREB2",1e-06,1e-04,1e+08,1,2,"rs7359276","rs28498264",3.86941297640567e-07,0.999997857111169,378
"IREB2",1e-05,1e-08,100,1,1,"rs7359276","rs4887067",0.841452191831196,0.00163611470880848,378
"IREB2",1e-05,1e-08,100,1,2,"rs7359276","rs28498264",0.257441292293561,0.66532247189761,378
"IREB2",1e-05,1e-07,1000,1,1,"rs7359276","rs4887067",0.829241582676053,0.0161237247195154,378
"IREB2",1e-05,1e-07,1000,1,2,"rs7359276","rs28498264",0.0368409979405754,0.952106151993996,378
"IREB2",1e-05,1e-06,10000,1,1,"rs7359276","rs4887067",0.724156659056211,0.140804596252232,378
"IREB2",1e-05,1e-06,10000,1,2,"rs7359276","rs28498264",0.0038500543187802,0.994994871836643,378
"IREB2",1e-05,1e-05,1e+05,1,1,"rs7359276","rs4887067",0.319399897086187,0.621039287422117,378
"IREB2",1e-05,1e-05,1e+05,1,2,"rs7359276","rs28498264",0.000386747580966666,0.999497222363808,378
"IREB2",1e-05,1e-04,1e+06,1,1,"rs7359276","rs4887067",0.048472113824043,0.942488939531632,378
"IREB2",1e-05,1e-04,1e+06,1,2,"rs7359276","rs28498264",3.8692266342256e-05,0.999949699475401,378
"IREB2",1e-04,1e-08,1,1,1,"rs7359276","rs4887067",0.981674908323388,1.90876293670443e-05,378
"IREB2",1e-04,1e-08,1,1,2,"rs7359276","rs28498264",0.948490081865045,0.0245124533137142,378
"IREB2",1e-04,1e-07,10,1,1,"rs7359276","rs4887067",0.981506296667689,0.000190843508918956,378
"IREB2",1e-04,1e-07,10,1,2,"rs7359276","rs28498264",0.777061031545954,0.200820995620985,378
"IREB2",1e-04,1e-06,100,1,1,"rs7359276","rs4887067",0.979823360313859,0.00190516279760935,378
"IREB2",1e-04,1e-06,100,1,2,"rs7359276","rs28498264",0.27679136822671,0.715330146410712,378
"IREB2",1e-04,1e-05,1000,1,1,"rs7359276","rs4887067",0.963306066390278,0.0187304666813647,378
"IREB2",1e-04,1e-05,1000,1,2,"rs7359276","rs28498264",0.0372132879254547,0.961727487048518,378
"IREB2",1e-04,1e-04,10000,1,1,"rs7359276","rs4887067",0.824343089451421,0.160284787044282,378
"IREB2",1e-04,1e-04,10000,1,2,"rs7359276","rs28498264",0.00385408371453814,0.996036215096709,378
"IREB2",0.001,1e-08,0.01,1,1,"rs7359276","rs4887067",0.998138504655589,1.94077465689543e-07,378
"IREB2",0.001,1e-08,0.01,1,2,"rs7359276","rs28498264",0.996920094876032,0.000257640620080087,378
"IREB2",0.001,1e-07,0.1,1,1,"rs7359276","rs4887067",0.998136761212905,1.94077126695569e-06,378
"IREB2",0.001,1e-07,0.1,1,2,"rs7359276","rs28498264",0.994613818587383,0.00257044593922989,378
"IREB2",0.001,1e-06,1,1,1,"rs7359276","rs4887067",0.998119327121115,1.94073736820983e-05,378
"IREB2",0.001,1e-06,1,1,2,"rs7359276","rs28498264",0.972124673316811,0.0251232576127017,378
"IREB2",0.001,1e-05,10,1,1,"rs7359276","rs4887067",0.997945019693904,0.000194039844587023,378
"IREB2",0.001,1e-05,10,1,2,"rs7359276","rs28498264",0.792853180901308,0.204902264694829,378
"IREB2",0.001,1e-04,100,1,1,"rs7359276","rs4887067",0.996205288020534,0.00193701572180365,378
"IREB2",0.001,1e-04,100,1,2,"rs7359276","rs28498264",0.278769206060509,0.720441602870834,378
"IREB2",0.01,1e-08,1e-04,1,1,"rs7359276","rs4887067",0.999813555570377,1.94403161607422e-09,378
"IREB2",0.01,1e-08,1e-04,1,2,"rs7359276","rs28498264",0.999714552558307,2.58362810167085e-06,378
"IREB2",0.01,1e-07,0.001,1,1,"rs7359276","rs4887067",0.999813538077363,1.9440315820609e-08,378
"IREB2",0.01,1e-07,0.001,1,2,"rs7359276","rs28498264",0.999691307083321,2.58356802686024e-05,378
"IREB2",0.01,1e-06,0.01,1,1,"rs7359276","rs4887067",0.999813363147166,1.94403124192766e-07,378
"IREB2",0.01,1e-06,0.01,1,2,"rs7359276","rs28498264",0.999458911775346,0.000258296743237371,378
"IREB2",0.01,1e-05,0.1,1,1,"rs7359276","rs4887067",0.999811613848664,1.94402784060191e-06,378
"IREB2",0.01,1e-05,0.1,1,2,"rs7359276","rs28498264",0.997140887581048,0.00257697680991711,378
"IREB2",0.01,1e-04,1,1,1,"rs7359276","rs4887067",0.999794121200201,1.94399382799878e-05,378
"IREB2",0.01,1e-04,1,1,2,"rs7359276","rs28498264",0.974538616837418,0.0251856427435346,378
