rsid,gscan_beta,gscan_p,finngen_smoking_beta,finngen_smoking_p,replicates_p05,replicates_p5e8
rs7938812,0.0185,2.71e-33,0.00315534,0.894489,False,False
rs13030994,0.0157,3.5599999999999995e-24,0.0114132,0.62184,False,False
rs3001723,0.0148,8.12e-18,0.0300988,0.247895,False,False
rs6788098,-0.0126,1.91e-17,0.0190998,0.453428,False,False
rs240963,-0.0175,2.16e-17,-0.00762328,0.792177,False,False
rs1565735,-0.0176,3.42e-17,-0.0943193,0.00420359,True,False
rs1004787,0.0124,5.27e-17,0.00894172,0.706381,False,False
rs1435741,0.0134,2.64e-16,0.0424748,0.0720941,False,False
rs266047,-0.0134,3.36e-16,-0.00740047,0.748473,False,False
rs12356821,0.0141,6.27e-15,0.10809,0.000509495,True,False
rs12474587,0.0111,1.25e-14,0.0357106,0.137888,False,False
rs10233018,0.0132,2.75e-14,0.0326887,0.161605,False,False
rs13261666,-0.0113,3.9e-14,-0.0652139,0.00442069,True,False
rs4044321,-0.0131,6.08e-14,-0.0313728,0.195801,False,False
