snp	bp	p_e	z_e	F	z_g	wald
rs12442456	78751962	5.87446e-06	4.586251553696496	21.03370331378352	-4.709867155700676	-1.7088502827838592
rs7164594	78803057	4.31561e-06	4.653306742745294	21.65326364207882	-7.1099212512602525	-2.588587188364964
rs28437878	78807872	2.68154e-06	4.755226061696933	22.612174897841726	-7.103645266594123	-2.4465952104336095
rs12441426	78812329	2.774e-06	4.748036471968945	22.543850339147305	-7.115965700285831	-2.4851218770201924
rs7181245	78814389	3.40777e-06	4.704145108371671	22.128981200617122	-7.153043668241528	-2.533717049576784
rs7181447	78814567	3.40777e-06	4.704145108371671	22.128981200617122	-7.140919779078033	-2.5264522370012097
rs7163730	78814681	1.25321e-06	4.914557076962191	24.152871262719152	-7.111939279766293	-2.4063648960739035
rs61204066	78815298	1.25321e-06	4.914557076962191	24.152871262719152	-7.112008954164505	-2.406651270207852
rs4461039	78817447	3.40777e-06	4.704145108371671	22.128981200617122	-7.133524355300859	-2.5287351874244255
rs12441354	78821016	8.74273e-07	4.988457733318676	24.884710557106906	-7.022515506735525	-2.3597307918319377
rs7169584	78822660	1.25321e-06	4.914557076962191	24.152871262719152	-7.207860571677939	-2.441284064665127
rs12438659	78824924	8.74273e-07	4.988457733318676	24.884710557106906	-7.147040362415741	-2.4045926986925226
rs2036534	78826948	2.30215e-06	4.787529623273678	22.920439893723007	-7.235952296482275	-2.514361848406399
rs12439240	78829091	1.61974e-06	4.861293071066687	23.632170322800977	-7.154424427981739	-2.4661571949530265
rs34664138	78831624	2.30215e-06	4.787529623273678	22.920439893723007	-7.215324079134333	-2.503978075540762
rs34138960	78831668	2.30215e-06	4.787529623273678	22.920439893723007	-7.215488031478851	-2.5040349729263274
rs35212593	78831826	1.6082e-06	4.86280295805819	23.646852608899486	-7.208825136612021	-2.4406404943387847
rs3813570	78832832	1.61974e-06	4.861293071066687	23.632170322800977	-7.1502809755033	-2.469916983123357
rs57064725	78833036	2.04291e-06	4.8127224036098175	23.16229693420786	-6.969288939665959	-2.4411635795411235
rs59133824	78833450	1.6082e-06	4.86280295805819	23.646852608899486	-7.226414580325279	-2.453748242433212
rs59683676	78833453	2.30215e-06	4.787529623273678	22.920439893723007	-7.233053618134263	-2.5175386191004523
rs28498264	78837673	4.71694e-07	5.11310952703817	26.1438890354885	-7.525682031984948	-2.508650581035919
rs113352275	78840567	2.79155e-06	4.74667122483148	22.53088771664318	-6.904536468629695	-2.4509284309470827
rs905739	78845110	5.2775e-07	5.090596942208199	25.91417722801947	-7.345508819538669	-2.4672500227873475
rs7173514	78849918	7.51199e-06	4.532173300933426	20.540594829693788	-7.700919167342525	-3.0303646028921003
rs28395178	78850558	3.54072e-06	4.695916056198464	22.051627606862535	-7.008205420236585	-2.550520941273998
rs503464	78857896	4.80376e-06	4.630089163560881	21.4377256625239	-7.71099436326821	-2.8713522986631888
rs684513	78858400	3.37169e-06	4.706414291413627	22.150335482422435	-7.070100930659327	-2.5401141543909884
rs664172	78862762	4.522e-06	4.643192018524342	21.559232120888154	-7.370127118644067	-2.855662306665394
rs667282	78863472	5.33275e-06	4.607372262424611	21.227879164559678	-7.670164006847424	-2.8837741380276833
rs2456020	78868398	6.59755e-07	5.0456326522635555	25.45840886158816	-7.408908340489183	-2.589921857600728
rs576982	78870803	5.33275e-06	4.607372262424611	21.227879164559678	-7.615202553940995	-2.8724382703874336
rs569207	78873119	6.14183e-06	4.576494628843889	20.944303087836968	-7.619440686856417	-2.85269399681448
rs637137	78873976	5.33275e-06	4.607372262424611	21.227879164559678	-7.614456500731659	-2.8629086673711788
rs12910984	78891627	1.06359e-06	-4.948319354076332	24.485864429926412	7.777203361716244	-2.7420414449188057
rs7359276	78892661	1.67179e-07	-5.317170962764965	28.2723070472709	7.722340868118153	-2.5729480473875834
rs3743078	78894759	5.22158e-07	-5.0927217951689014	25.935815282988358	7.788248675340528	-2.7181128129659395
rs938682	78896547	4.42094e-06	-4.648083640480836	21.604681528905584	7.705669347928242	-2.889587067095248
rs7183604	78899213	4.42094e-06	-4.648083640480836	21.604681528905584	7.665461370725111	-2.8786410333221735
rs11637630	78899719	8.66197e-06	-4.500615119790325	20.25553645648528	7.658856322790749	-2.9983166874829834
rs7171869	78900909	9.413e-06	-4.482096330297653	20.089187514067685	6.68557446335224	-2.6223457801326004
rs189218934	78903987	3.59992e-06	-4.69236046807306	22.01824676233483	7.059479043724096	-2.629771866539062
rs7177514	78907406	6.84446e-07	5.038199930633166	25.383458541032034	-7.762968478530652	-2.6914207038981153
rs6495308	78907656	6.84446e-07	5.038199930633166	25.383458541032034	-7.764024491146781	-2.6915641224220517
rs8042059	78907859	6.84446e-07	5.038199930633166	25.383458541032034	-7.768727934686673	-2.693046113836063
rs8042494	78908010	6.59094e-07	5.045843756013085	25.460539210096233	-7.748235358994155	-2.679044359490147
rs8042374	78908032	6.84446e-07	5.038199930633166	25.383458541032034	-7.776052297677498	-2.695436422568339
rs8043009	78908154	6.84446e-07	5.038199930633166	25.383458541032034	-7.762162162162162	-2.6910669382057386
rs4887069	78909070	5.94213e-07	5.066752382977901	25.671979710412238	-7.457245475894461	-2.5749596939602952
rs3825845	78910258	4.72111e-06	4.633856741758917	21.472628303144567	-7.567080474790373	-2.8352585000428414
rs7170068	78912943	1.66516e-06	4.85552924538396	23.576164252778927	-7.255868357391606	-2.6150824446935514
rs13329271	78914230	8.17395e-06	4.513483103028911	20.371529721327484	-7.344276071457617	-2.8740297392800582
