SNP	LUAD	LUSC	SCLC	EC	EAC	THCA	RCC	PC	GC	PRAD
rs10049456	-3.688888101602243	-2.7009497097046298	-1.48264685173177	-6.011435356723508	-1.9826543721943857	-5.676043750927964	-7.076603950450653	-1.7791408430379403	0.8134263677469614	-2.996474722802769
rs1007934	-5.254845896635812	-5.181835491463927	-2.5515919609735023	-5.767783490345833	-2.350087443461594	-3.2010327523344557	-6.729843521115056	0.4893626661995898	-0.8178014872626937	-1.4776844139759733
rs10083697	6.492605751662871	6.1122216941085545	3.420161889076212	3.1784472859576565	0.0616885340611903	0.3545722182586531	2.923202684927181	0.1970034530093151	0.0909455857095623	0.1235231324790945
rs10107982	-0.0313997088233232	2.300919766862604	4.410133263626449	-0.5510824761564342	-2.665101761075363	-2.392952227219708	-1.158050379592952	-5.044465106365981	6.291396306256113	-14.809950350645297
rs10115216	0.7639002065855379	-1.6413144393708468	-9.143684967233616	-4.5778492135557896	-0.957994307997777	-17.077207958807428	-5.418987937312745	-7.938142088197828	-3.24306533433226	-1.2291908539572136
rs10181989	0.6304176587034731	0.6300888341309592	3.184717855679581	2.756707646711108	1.698543879895765	7.005849483495482	2.136080737684352	5.772503979809484	0.0616867509974535	1.534940162031312
rs10269191	4.826974358798763	3.7767963132355966	0.948270670275648	6.044021416766026	2.8518201099053435	5.345290610924832	9.455171462956743	3.685683082604677	-1.6490698482469894	4.224385051791653
rs10271646	-4.210736966122041	-2.934445581875366	-2.2556925672128787	-3.705895561684625	0.2493338465691479	-5.459747134937158	-6.377912084964068	-2.555192169951131	-0.6402401566842131	-2.1049593637145456
rs10400825	-0.740337731669019	-0.5747114072259316	0.8968662385241304	-4.066608538501726	-0.9203414172526064	-5.714398404356618	-4.0853617640464375	-5.077257350869536	1.9091875288350455	-5.4878994215673575
rs10505477	-2.1546693326460984	2.205839528846856	6.7099868738343575	-3.09380808132365	-3.606711736992828	-2.7551772252392217	-3.259430235674861	-5.668400517516277	9.123520194642394	-21.795800414016053
rs1052035	5.648179897461207	6.23532391744913	3.897484110166347	3.121900482322068	1.0506621963340963	-0.0519539069145756	2.029781014411843	-0.7048385278923961	1.6928302628250067	-1.0711598975731165
rs1059393	-3.987002984911068	-2.6933233165340247	-3.523716891973217	-3.5772662423727093	-1.0334823234165835	-6.156925560579384	-5.992028806747506	-2.7364491370181225	-0.0796931776925431	-2.2794791636157306
rs10739513	0.302483628159477	-1.8003679271148252	-7.574900666720007	-3.6305442463000217	-0.7769901792274068	-13.89289253323537	-4.305737514769245	-6.027449511373135	-4.632564290926099	-0.4792843863023964
rs10743181	-0.3186095308542071	3.0035165432612865	4.087642703279719	0.1677422591812227	-3.3252569239933423	-1.028973682746322	0.2197010598654243	-5.425679176181092	8.009487637330691	-14.236426241952316
rs10743579	3.3747428215676067	3.9291356685367305	1.7939862478795925	8.236152133517635	2.1183511943362903	7.060525139976624	12.143136709175865	1.1632508756155897	-0.8584909052234078	0.0243761018484137
rs10759960	0.2545409249378336	-1.7730801393436342	-7.852389482304452	-4.366224243765345	-0.6564387805523083	-14.653814354020204	-4.716265382632962	-6.245458520974281	-4.489166972638503	-0.726719633755747
rs10808556	-2.709582605473239	1.4455073409302497	5.707744872605501	-2.178213069838709	-2.0335825492150046	-1.27002900981721	-2.4203750365911847	-3.790943467156611	7.885477561990518	-18.373197613194822
rs10818241	0.5131846051316415	-1.9080245684214048	-9.408378440509818	-4.63663665468684	-0.944328295651873	-17.14540921569716	-5.593507792070235	-7.93886891799475	-3.187180333869702	-1.2443740224157245
rs10840584	-0.3572985484787786	3.3840261113336587	4.29231411118174	0.239868223707583	-3.2141449983320163	-1.650073685034207	-0.2328739262159015	-5.854580553298729	8.378894081856284	-15.267512379410071
rs10842704	3.373595391390117	3.903739378869504	1.7562986024195113	8.230804201910333	2.1119573057756966	7.048202787695386	12.149784537230136	1.1473029876548282	-0.8581262477694802	0.0521886925112553
rs10896429	0.5014317644114514	-2.553463309633792	-5.719549355042933	2.15933031435613	3.591903188477457	0.9529125648495228	0.0838132410624523	5.047050669030972	-5.30830702891489	13.090324028619047
rs10896439	-0.3500355271523129	-2.913599973054963	-5.364400857469272	1.2874410288737708	2.5021197924048866	1.1118856695192103	0.0279564413761709	3.463579947131233	-6.019779452931195	13.236434430360475
rs10950407	4.529795523113228	3.9268486302449817	1.0961827668796895	5.818896651924632	2.96432382565895	5.14430010470144	8.592954558036288	3.876048902781936	-1.0207774599479684	4.09686851613256
rs10950473	4.633493859003069	3.528986937062894	0.8870023257495832	6.451316626967593	3.491448703965514	5.532077214019664	9.553796916904863	3.912206280530351	-1.5915650437104565	4.517721823292631
rs10956367	-2.873566173342309	1.1829944745982317	5.557400882510166	-2.432021107893789	-2.088769602178612	-1.4121726145307445	-2.572586530711205	-3.912022350780796	7.860336443568785	-18.29222908438974
rs10956392	1.6488555922553745	3.6628595576757017	2.5133569421621567	3.842710803743105	-1.078890626783576	6.247513971610089	8.768404851588222	1.021389388225186	2.2282014242339305	-1.7844305297101668
rs10984253	0.7428890619932954	-1.6823364252004085	-9.166781956063517	-4.62485026428807	-0.9637332508034911	-17.12058112372299	-5.492535285990928	-7.938062953782167	-3.1885656617102307	-1.2500455116049416
rs11043050	-0.9542635045401447	1.9686502145295088	3.252993415103711	0.1758003208159524	-0.7176171804645822	-0.58388863348306	-0.3527411268841421	-2.839816970764946	5.53552334854266	-7.790107493940309
rs11043143	-0.3147413227654374	3.7926801746437007	4.801027401074526	0.4801241594139295	-2.94819684264288	-1.470034241326364	-0.1733549897786639	-5.752826777094207	8.708470207907922	-15.923177444396693
rs11072805	7.602681398225178	8.03624376934166	6.3401604410845005	2.72181643205288	0.8663037890561553	0.7178925822188622	2.847878652452157	-0.471399926480979	1.420945351346164	-0.5208060850459287
rs11097882	0.2484408792441137	-3.445059562202256	-5.744699788295353	0.3729197666766216	2.6986098493971515	-0.8085123663210996	-1.8038162618800728	4.41682456925101	-6.79456980364102	12.793249976339688
rs11150188	3.2817228354029817	3.0302359534601666	3.63162210749405	4.489219081138991	1.0524469640261944	5.608090273216063	5.586749982639588	2.5433966179058025	-0.8284647057842962	-0.0004736784034693
rs111572611	3.812014855739216	4.261218719176235	1.445802122788243	4.943073501953988	1.4191435775292305	5.165076746184875	7.036590859777152	2.4639581243412665	-0.4613772046055161	5.602033432622373
rs11158998	4.1629425066911	4.573102020189374	2.222445139645886	5.567283826643309	3.2044579256321635	3.2509518308512604	6.483618638639911	1.6274056006245412	-1.3624363724831636	1.886579293026488
rs11158999	4.135050618832509	4.589540962111168	2.2600232738687933	5.640563584950774	3.22967089935875	3.3914756981693017	6.557473797707028	1.6877520616694033	-1.3319212012039328	1.9070386575209144
rs112747606	3.819977931707792	4.429390275066493	1.8684406731143188	4.793074294550462	1.4827178306712336	5.097512826722227	6.5822040980609815	2.2492118598231468	-2.2135968582631085	5.602555843342938
rs113094235	0.5228531660637038	-2.8544469589574133	-5.42007206053717	2.388621585696579	3.712673697208008	0.6029074999389026	0.8894384888589087	2.7113930624910743	-8.302844235907322	12.193164255326424
rs113466970	3.570022464448442	3.1437149282806423	0.9063576420361692	6.187543445217301	2.29857436936171	4.611125369897988	9.02703762921466	0.0784255621568936	0.8057109763109045	0.8014579018168482
rs113513894	3.5454239827974523	4.06382646201442	1.5396944195832325	4.806256356268621	1.427213888666607	5.722454003525332	6.906849786848773	3.16241035215272	-0.2874685472151102	5.553777315077811
rs1151624	4.23048697299428	1.3995574171053613	-2.5807925160026626	5.201735492689534	1.3374521415125424	2.132008574388088	5.773470303747001	1.4688095035627058	-3.984129827206473	8.065545082313918
rs11557347	4.3616799269958095	3.509448055499308	0.6961306788444809	5.613198690266353	2.289299969227232	5.103432852113144	8.960905751772072	3.483677037592805	-0.5323096089410071	3.765508525198683
rs11564691	-0.0681130542449602	-2.9785191957376598	-2.659953424137524	-1.4787764136981647	2.60572902150429	0.4522584909974046	-0.8480125099702583	4.728324251491114	-7.380466549788242	10.569145297251486
rs1156850	-0.1525828457771321	-1.500073630775952	-5.607115299108501	-3.2792004533617614	-0.7241992296262854	-10.84777940715807	-3.7370224630714177	-4.061090640675404	-2.090304988052043	-0.4408813601896023
rs11621489	4.018840572054347	4.561901623802198	2.2775435717151007	5.559895972894761	3.102495045900209	3.421425411402973	6.488314509247379	1.552326057230278	-1.0509805019966318	1.7232399114530743
rs11627524	3.9706174843005178	4.118491996059248	1.6324126792075269	6.948593875687205	2.626656243479385	5.46858269695546	9.731551161653384	0.4812121634864981	1.071022828715109	0.9434345057071042
rs11636809	3.8126931498034384	4.2839424685091	1.4522872085552334	4.992432044305341	1.411357286002005	5.197603489100835	7.073539697584535	2.4470072638832856	-0.4207333562578248	5.5711260864131535
rs11637783	6.508726866550473	6.16094618227382	4.475975830471149	2.5150598009415157	0.2363792899614412	-0.3542540038669068	2.7618713665527457	-2.7836376257971875	0.3246500065980093	-0.5663089507319052
rs11638372	10.347422275300795	10.474881288983752	8.31618881134698	3.077836847306522	1.334808571780418	-0.6807970424634869	2.194811744500169	-1.045003732122707	1.2627943335915477	-1.5257429078301306
rs11639375	10.009410031071017	10.444704143373489	8.230749431979415	3.3179253902235386	1.3494242738660027	-0.1134409515544156	2.396539496804828	-0.8928790001196333	1.1479403700912896	-1.5077897931546176
rs117520198	0.8979237179249896	-2.5502653163800617	-3.0089148326095274	-0.81655636490288	2.6767107134715	0.9098531620319638	0.1932520711769224	4.8116869574426	-8.10136887629709	12.285010880314244
rs11768309	-0.8251700230609518	1.1471973575236811	4.198966690824769	-3.2021884971750287	-3.3712120281811946	-1.8607608446373811	-2.027848871949561	-3.822406560641711	6.407060958799037	-11.750509013906068
rs11782388	-0.4893422800749216	2.7837987761105074	7.314229624916082	-3.3503922724719977	-2.9782858912443047	-0.9295611667937952	-1.4564928647895634	-4.346041322133292	6.341182176663193	-14.908248383190406
rs118097379	2.419165810039152	-1.2634383005103853	-4.662200705860336	1.648184405341253	2.094656343311588	0.3073090406066568	1.0864642503463484	4.025553616586008	-7.901947777601777	12.239299712489773
rs11857532	8.601028759054602	8.363890122587737	7.077415054085512	2.342476719643212	1.5887674257402389	-0.5650147440412854	1.676970879297701	-0.0709942719508359	0.7476769290774452	-1.3820565981674795
rs11992171	-1.9586609396913648	3.674541787695565	7.942837752634457	-3.2033671559560664	-4.064565037890096	-2.880397229628481	-1.724646431653725	-6.404001379173697	8.131791767394072	-22.71198841486538
rs12101809	-8.978118257253163	-10.920421434142876	-8.197218129191265	-3.219075453517112	-1.1144983668226944	0.0526200927101828	-2.928363584128689	0.8532061209523678	-0.4616888671961824	0.9272802897202066
rs12169371	-1.648067038330065	0.3433073416941121	2.005817600030925	-1.4484629327939929	-1.3022603771350738	-2.982056771489682	-1.9243908584733165	-3.953363479845315	6.963724273329675	-11.662197106940113
rs12194182	-1.365226012009239	-2.7902241922041804	-5.027161684560312	1.7421103576883887	5.620670518315192	0.2060051152367319	-0.8920353546013786	4.187173713073005	-3.1828924188385184	10.93941666095065
rs12223972	-0.1373976952961017	-2.7084524216167583	-5.489863222153616	1.7664325904416955	2.4039767666246927	1.2736015643341698	0.5553918292528759	2.7073717558139627	-5.265117080007545	13.749766132772509
rs12418451	-0.2027628054289925	-2.8287939907118806	-5.644364512585589	1.8043862434554665	2.7622192028488057	1.2109642136433971	0.3634938466275212	3.5470373326090594	-6.85092885365558	13.674865020928632
rs12418968	1.668779160116607	-2.040933839643315	-5.9543827853699485	2.523318315256337	3.2003769720565827	1.8286892766455252	3.111362870617961	4.728239877575877	-9.044429035147983	16.84005331304628
rs12435078	4.026422706038183	4.172861298420868	1.6101850332151684	6.961400715504996	2.6299125391749505	5.327425540615861	9.686977054362703	0.2632860041151656	1.0782695570572811	0.98098597632485
rs12435321	3.958351705852995	4.101953416723022	1.608268479856637	6.929020968339058	2.626092683551385	5.423288185807379	9.685806916055816	0.4695544892373412	1.0723343723297576	0.9420990213574136
rs12439240	-10.661776780368758	-12.033840806932307	-8.630653379248583	-3.350093315358669	-1.7180149264216875	0.7460869899479364	-3.0808164602827093	0.1813130751510757	0.187949207040646	0.0435582496207995
rs12441426	-10.517604367785852	-11.848218945802774	-8.580148342430169	-3.284497417107936	-1.6427925764533746	0.7318180388374693	-2.9761928500370054	0.2255516245618819	0.1837994802703976	0.1679357597493836
rs12442476	-6.542312513542001	-6.118780047586246	-3.431516506300017	-3.2245035809274247	-0.0522249575589013	-0.3512815921510575	-2.9773044747065778	-0.1463408310348312	-0.07952832703968	-0.0726111671935336
rs12532128	4.934318300962782	3.6709207447782006	0.4539222735155824	6.723745385554159	3.5322298043760374	5.946657467530442	9.8825126537776	4.480794545593057	-1.8751804662156657	5.25882515875248
rs12536062	4.677238971693745	3.9113077079715466	0.93508138300173	6.55886129139184	3.654323458674532	5.542087692727626	9.579245497149344	4.086418941386686	-1.755187367620924	4.9875392342656015
rs12537914	4.440829232660677	3.627710914234655	0.8704682487389487	6.602275322622799	3.619031978438016	5.652329651930423	9.53351241689824	4.032252043625356	-1.7794774335280303	4.743940427538563
rs12617808	0.1921329449348775	-1.4399984768275194	-5.61419272890094	-1.6792557547896636	-1.3909062081223924	-9.351942742618323	-2.39828557370729	-5.842125878544501	-2.8466960107620083	-0.6955575987378071
rs12667688	4.804252258492857	3.824954463683133	0.9683543413251968	6.652450626888959	3.1996121237593496	6.075154339003794	9.67978858875312	4.570293650991773	-1.5014886777488057	4.912666541498865
rs12670686	-0.4972897598936451	1.3272055116469514	4.167772054802274	-2.6217671072158435	-3.070982922904612	-1.4361020535063431	-1.540430426448457	-3.494930222227564	6.205421846895036	-11.373911676299883
rs12796066	0.4951959355473497	-2.306791618593965	-5.291888314575994	1.5088023293239086	2.287180313467091	0.737636754478098	0.0191799902679217	4.182899666321625	-5.876143093973851	13.169015475340318
rs12889140	4.38669790017466	5.014357226071496	2.83856738952901	7.634586770546293	1.6164912221014884	7.285967016434731	11.359958540801872	0.4037936111804679	2.150571142579602	-0.0474235015920683
rs12903668	-6.501297182394105	-6.0132528905726685	-4.325027562448417	-2.8062554029973605	-0.4654350522487324	0.0213570910628819	-2.985928356479176	2.350614059405578	-0.0495306762485828	0.2446124884051616
rs12906095	0.7101059992202924	0.6561929314990698	-0.5955570743464245	4.493246501697472	1.024840305310568	6.141312532412052	4.401026694986841	5.181854088297335	-1.6788285450622145	5.516109099875452
rs12962403	-3.938004790503536	-2.615392975801571	-3.4844041387791416	-3.6285752271444207	-1.2095541082070176	-6.11188616741789	-5.992795577819299	-2.7430579284668086	0.2019862764007724	-2.3342874996062792
rs12967001	-3.7778340679406335	-3.050232119756373	-2.7615495094552918	-4.253193678081415	-2.6979806591591484	-5.487705175665592	-5.480673346352551	-4.356660608779974	0.974684436284164	-3.519597645031584
rs13097028	-3.765415333387723	-2.444998057230072	-1.168719823708834	-7.1361640925893495	-3.086387693187646	-5.706608414286967	-7.237146413094622	-2.253824325431137	0.3814144516807169	-2.8309347049295788
rs1316971	8.425032602753346	9.35895210619651	6.608685028110846	2.5215355721438057	2.045038349728796	-0.9645031775084542	2.2428412781445903	-0.1024198641125764	-1.127224076389789	1.055929928655155
rs13170453	-9.99524391510784	-8.300162075160346	-4.760774345545393	-5.622342790876404	1.5972380779684483	-2.187112228055235	-4.964680325865264	1.5532333565005352	-1.4563376748111472	-0.6555263462939842
rs13240869	-0.6925859172608267	1.1221446852209382	4.213237216916018	-2.861060806617581	-2.968976327715621	-1.4562682700795682	-1.690344834931645	-3.304826891500139	5.8503921187539785	-11.316301809108984
rs13244345	4.512307124279413	3.8053068091444975	1.119286154850801	5.664806421527166	2.7201911587812204	4.96509138052605	8.994348936752454	3.493021117714884	-1.4802503995896832	4.043126312376106
rs13256300	-0.6605160431284984	2.341769904256636	6.847495322558115	-3.1445052104565225	-2.62200434608106	-0.4801904064817046	-1.3220886034696488	-3.717903607820887	6.010385061988849	-13.793034838915052
rs13262683	-0.725982671510947	2.317581830781936	6.959717583816786	-3.139419242490036	-2.584489455877527	-0.1737599188098594	-1.2679434299297534	-3.572001984140331	6.054642991204706	-13.750671882251472
rs13269511	1.6608078453314417	3.75611375790746	2.4699044193824253	3.863997225173648	-1.104464884049856	6.284809130480329	8.788625003444395	0.9386498256476168	2.309143034942108	-1.858974864962132
rs13329271	-10.64483994423235	-11.910088587628955	-8.540172916670103	-3.592237802608577	-2.5087171224817224	0.8827670910506591	-2.940375599469604	0.069953441712905	0.6197989458426336	-0.5697107906858213
rs1382438	-0.2761776375560663	0.7682642547021742	4.719715339651912	2.3361878897388784	0.3240953668177549	10.290855869662003	2.3320563040812554	6.8211640148818535	2.2607453243087323	1.7063167050870691
rs138544659	14.147189083913355	15.179621835689494	12.202220043271849	4.031635723677089	2.65013394380886	-0.3700523946541689	3.0326796545484127	-0.5914265834749831	1.816747339618832	-1.5913799037922678
rs139653137	0.7568817990852948	-1.85993736308288	-4.848063341912567	3.247360423048867	3.5746991312108487	0.3947267694956979	1.123806770807116	2.134734644259563	-6.121444136083636	10.076170549916334
rs1398240	-0.6385631371736449	2.3398681965354933	6.850406677591475	-3.175101066827094	-2.6399395545993407	-0.5184123242217934	-1.3514842127266615	-3.725228663715352	6.007095274505414	-13.80817510506774
rs143190905	-4.798175797580027	-1.8471746321107083	0.1539193820793697	-5.771927066019148	-0.0582093638123803	-5.110667887600733	-6.2467577485330965	-2.4342185734767585	1.687654039450471	-5.509804533459975
rs1478595	-0.2002394577747631	0.9463831512991606	5.553614953052787	2.7077736703787108	0.2566733640182392	11.190277160202925	2.803550396619715	6.9200970477682535	2.135236296879941	0.9404409456832498
rs1487240	-2.0191589768591096	0.4929152306325079	3.25427237908706	-2.356434010744766	-2.3673180962021614	-2.338226047516586	-1.0243463081214224	-4.612862120561528	5.980050392518892	-14.490914458954949
rs16854453	-4.126341142397356	-3.4081695677500377	-2.715038719039363	-7.376674736814705	-3.0548665278922527	-6.953620840157881	-9.207149317248856	-1.4793586539740868	0.903698376807822	-2.5076353741547823
rs16857609	-0.3686826695509987	0.8929256043036026	6.02704123098253	3.485398376489013	0.9379158063971614	12.951350814422495	3.266021879553556	8.431395808063986	1.5581098966559208	2.114379890203902
rs16950982	3.2178827874669165	3.138341746598617	3.4647167754762918	4.600425480259517	0.9668733289967048	5.645877246553348	5.574964665965576	2.1930497818544867	0.053236322535984	-0.0482927504285133
rs16969894	-9.017439512333878	-10.954915216234978	-8.2364617099011	-3.258755956227187	-0.9933456053751808	-0.0376482828230779	-2.980878891175989	0.8566818572498189	-0.5452985588527666	1.0378154856274011
rs16983884	-5.117496053451763	-1.7319953272289184	-0.2378381986489654	-5.560658132420709	0.0610749032805175	-5.3120136144782295	-5.970037341912086	-2.776882157776848	1.685961416481824	-5.344591317663824
rs1700006	-10.13487904012481	-11.69370130455837	-8.616889723612745	-3.518289977022789	-1.9909120542162584	0.058257945896903	-2.9486947778943917	-0.3071662050100022	-0.1823146708022977	-0.2310819925594547
rs17027650	0.2153353013454921	-1.7961660460094206	-3.1486212115341927	-0.53421400970321	0.0978252243592944	-0.2096628421169939	0.5246075787082035	2.134576980927132	-5.597784467581624	6.64181068005182
rs17122577	3.9253619431352114	4.501082655898266	2.2898767648789744	5.541787234055735	3.184431947972483	3.4976618940127366	6.480744579510984	1.6021303010783714	-1.0887873891897843	1.821231954711635
rs17384696	3.141520826426299	3.094762925866808	1.844346006167196	4.071259992839904	0.1789782683253492	5.781679961988921	6.36159117075379	2.3585850490199056	0.5703232068984122	3.503043118401852
rs1741708	-4.201055395481536	-1.382123908083318	2.503635788498074	-5.229382199730216	-1.3618830116938114	-2.270692128968034	-5.833995644425183	-1.52661907212604	3.914722251150738	-8.113921163986936
rs17486278	14.337318734651731	15.387142207858526	12.486531993405912	3.961730668030785	2.501405372587858	-0.3406332664179992	3.1269546330917337	-0.5805163369963037	1.6694768217466769	-1.5270362665540154
rs17487223	13.91229131761748	14.510535395483604	12.071974719282125	3.557624814012593	2.179019182150844	-0.8472743171358957	2.8153571738928043	-1.2395607007715748	0.7043014368427638	-1.5323886913745368
rs1758205	-4.221864194643101	-1.453753278071341	2.4436999381673865	-5.374701691113176	-1.4291575381918653	-2.441348450881826	-6.02175605838948	-1.54489795045086	3.88776918920664	-8.154006560378718
rs17851970	3.3622503312575005	3.79150007311463	1.140129472486431	4.584955978401174	1.3145369386640644	4.891120590869337	6.61666849155232	2.2013714413796026	-0.788581562726445	5.477128300589653
rs1866343	-0.2157116683896113	2.0331838622659237	6.078040789515805	-3.476142742214885	-2.8186217902441624	-1.272960142385733	-1.6958343295591982	-3.3713182674071045	5.475443540375466	-12.67240967520924
rs1867277	0.7296637189467606	-1.0503741862622018	-7.536344400804115	-3.992963523076239	-0.6449460764253206	-14.862124261181089	-4.3348242540301225	-6.325045685640686	-2.687369116768718	-1.022254534081873
rs189218934	10.08743579979543	11.52128792992404	7.9727071795768865	3.1073669966072464	2.1120592134000624	-0.7322081688511561	2.8086231489477864	0.1036069749601222	-0.3724743053963139	0.7030059814834708
rs1920116	-3.7632767183528975	-2.7318499374994225	-2.0689760323201667	-6.78981397776017	-2.4168405884662763	-6.666901220048476	-8.715613683491524	-0.8965913241481255	0.3662859541385648	-2.0655193865199504
rs1994016	7.141507484345607	7.424361598026561	5.346734089623052	2.337090435370685	0.7237155872820499	-0.1517149672863412	2.687172450764564	-1.080761131879299	1.164791292525883	-0.560752054717174
rs1996371	10.25655699469969	10.43702996381895	8.303656916155195	2.8600037902523576	1.2717849609173155	-0.8516947694272375	2.16965821412445	-1.2100420129004223	1.0290173444731112	-1.4855294837865256
rs2036527	14.36576763539021	15.38272716283993	12.797618538095588	3.6901894087593896	2.550925695182276	-0.5022397064627049	3.042398223966673	-0.524128048758789	1.2107762411362162	-1.4764717078080627
rs2045932	-0.3879806395152516	0.875880276465597	5.554559029636971	2.6789061694311678	0.2307305601950606	11.256494462842872	2.7741092938319896	6.987572834473529	2.117679909021676	0.84277909820262
rs2124597	-1.631808654427952	0.8379210278980849	4.018436409647436	-2.039689822187168	-1.5006535162612735	-1.9974047140286664	-0.8971289859540016	-4.311999032945762	6.871895953393401	-13.205144577327347
rs2170311	10.422455035110984	10.627042374583716	8.512258660751558	2.859041125784028	1.2137978576970274	-0.939054226545318	2.10876816435458	-1.3606504562200574	1.0637126463540705	-1.4142055613889228
rs2233956	3.688370002181642	6.505831377308804	6.636510411460429	-2.6849929495929565	-1.5176828916967913	-2.055564156112705	-1.3674101857884642	-2.059587359027464	3.2536298295646424	-4.411699712459516
rs2401637	0.6192397994997315	-2.1651346723936253	-9.157185086239984	-6.047421379043047	-1.253168871600056	-19.34958599444256	-6.35180661440853	-8.433470216099503	-6.2093493421990935	-1.0323154160600292
rs2412541	0.7943966090913015	0.6917756542069721	-0.590997957969712	4.548053439445166	0.9182582210379152	6.263029713486672	4.565280916737859	4.554992936877913	-0.2705618178300412	5.4937434573875095
rs2417575	0.5836811369843428	-1.6851742093552493	-9.15923326029976	-4.488404106055527	-0.7495849903189795	-17.04248133064803	-5.354253497603504	-7.986455623471739	-3.3538763479091	-1.2064440166226091
rs2540175	1.7751813116309394	2.4430892189449835	-0.0280375525743175	5.649607883133208	0.6652736364682649	4.724112640570648	6.5287941858291285	1.9255606459133716	-1.0630486770195338	2.2916818042671854
rs2568158	-0.3256997573867191	0.7203393510934083	4.687623877194608	2.3917455025054317	0.3440181049872678	10.365697471427117	2.3506642770820485	6.835884904064411	2.2396874932770445	1.7354199351413415
rs2735946	7.477324188841766	5.779376561553614	1.1152438180018365	3.0792558751536063	-1.085094994551971	-1.9738427793863291	1.3684237712765837	-3.2040353437259768	-1.04578418018308	4.498543882816186
rs2736611	2.5241996379619938	3.6106376588290567	0.6215286243291861	6.673874908574787	0.9180978239006132	6.916232499974323	7.829604896119737	2.8734431151377637	1.2448170920834534	2.5817902061325197
rs2750483	-4.24072075251417	-1.419341743617982	2.396037626528932	-5.329879444933106	-1.4684148914937776	-2.432260583688876	-6.0835630868519415	-1.450241829161898	3.924519711521452	-8.209494801532166
rs2758598	2.204108505427131	2.9263699789039066	0.6410408259818535	5.967416894768695	0.6833342664299689	5.57837661798014	7.172893256180401	2.501778477555953	-0.8715190882116142	2.257014530538497
rs28379291	9.648078785892787	8.768899555720669	3.5917563874397964	4.81570017545806	-1.001625066575581	-0.2719465983654792	2.915861890624405	-2.938779696940227	0.4194775223141458	3.691790109713792
rs2842865	1.5765789023644878	2.365426625817261	-0.0662146577324728	5.462925077987081	0.5736378458652891	4.576069130388238	6.268615731893146	1.3634786890691617	-0.9567615377959968	1.9721740227785032
rs28511883	-8.981032724220821	-10.931797337783651	-8.210467422744525	-3.279513072216638	-1.1282496166606144	-0.0041026673299905	-2.9577919881589967	0.8291675481761195	-0.4618550271586677	0.9203080753880598
rs28615829	-1.6604301897329323	0.9397437604578798	3.801189202713928	-2.049851283006599	-1.5251450386862655	-2.026646197236994	-1.1219756021830565	-4.1044009141212685	5.691418252455411	-13.405854246088174
rs28684409	3.807464172894566	4.446836612145914	1.817617322682101	4.88925389513723	1.4101304284766545	5.0944884617945805	6.619502042141392	2.260161427517009	-0.6980698195893192	5.617041123629567
rs2869030	6.725548319145414	8.295391554028269	5.8901136526795765	2.4134354858454823	0.2129421464757419	-0.3281860598329675	1.817656031561537	-1.147760801961088	1.1500950830925434	-1.1946368323742007
rs2872881	-4.3034087092277495	-1.5186105755455346	2.423119286956583	-5.394990270777491	-1.3777450909184217	-2.419874971449719	-6.038297274390498	-1.5189076612181729	3.872291619043664	-8.128788525552492
rs2938670	12.240040538528095	12.975280740765792	10.946000343222863	2.88495211824672	1.3978776460015043	-0.1936842794534612	3.0652320925863448	-0.703293495206115	0.4827648650776555	-1.4307419938850443
rs2938674	-8.87995600713334	-10.842411135198915	-8.045530015768007	-3.261955095679849	-1.1217518495501668	0.0656369793903401	-2.8653973653103577	0.7659012380256669	-0.4936180034457537	0.894529019617817
rs2984613	2.762656386154361	3.6710786081545126	0.7658510359042029	6.49549710156138	0.4710644148000628	6.490705522544433	7.775128700139154	2.8205073073786875	1.4883649005227095	2.3799162558816813
rs3021526	0.6139630779811177	-1.163390837599343	-7.539485010376567	-4.0992678488568135	-0.652853965718647	-14.886196627598755	-4.4724477426022045	-6.326157371582631	-2.6930330172497428	-1.0243200834215411
rs3072	1.0478868168568736	-0.3670680848132213	-1.7789022472648817	1.765918012706577	5.880397801360019	0.6068969540511381	0.1336952390422758	4.569189044860351	-3.3688581904415567	8.618983733189586
rs3105751	-1.214027411388093	-2.757454618979673	-4.990490277909452	1.8398029522360195	5.855454396403601	0.2571671393232946	-1.0076956473962544	4.534981846846764	-3.6858977533283896	11.385550651318775
rs3115672	3.212911351478098	6.418981883882811	6.712799991133105	-3.3778949863280845	-0.8182933810499091	-2.7524325293182583	-2.8278765649466275	-1.219060191594984	3.4099233540126384	-4.585172669373808
rs3117575	3.180532531593736	6.386417288946191	6.723575163725814	-3.401567313448173	-0.8998580968597726	-2.682219095547133	-2.809492514169544	-1.2399958093238996	3.4423013451547484	-4.601755521607289
rs3130557	3.400333165081246	6.322969297141029	6.778566593570171	-3.726573883877903	-2.2529552932123678	-2.592112805111838	-2.423621597149745	-2.304111490775431	4.098004853453833	-5.264840215720587
rs3130985	3.399122502969868	6.333974211125874	6.8065639602866845	-3.719496592550499	-2.2657979600775917	-2.588710444925456	-2.4144216745985214	-2.303480253998916	4.066732277569384	-5.317999383740423
rs3131380	3.157940467148034	6.408468487496693	6.6892116996663695	-3.400525960465388	-0.8366614558352312	-2.77528566811362	-2.84723401972261	-1.2375192856480812	3.4190294059073856	-4.6033849263829625
rs34433136	3.9609931876806255	4.563953744348424	2.3435851444805738	5.625621190747246	3.206051563013833	3.62778875379352	6.604794264595217	1.6486591260413723	-1.009492590793151	1.8085757985722692
rs34922657	4.729278112102977	3.863354462807018	1.1690299158405073	6.724710848624393	3.638827860190178	6.0777400129961	9.927458864770127	4.184652098784562	-1.5966120616125574	4.905099155550158
rs35202847	6.181343360190826	3.848876233173878	3.1013481659590805	5.09722121354533	0.1813468646843336	6.253472865375628	6.849735549928163	2.8861919098465774	0.2143324729528841	3.431735799786434
rs35856653	-0.3402793784129728	0.6140948580364195	4.450156609737371	2.2843756788658838	0.3791146985393522	10.057762511796948	2.26834651495065	6.611771853594395	2.1196431424603785	1.632165367846876
rs35907927	0.1243393597006034	2.456481372376241	5.325384254003456	-3.0315969628473667	-2.5376600425682336	-3.0401052333986183	-1.612480912658677	-5.160813497886669	7.176632120862939	-11.638379256038196
rs3758249	0.6631841579895734	-1.1727101593232228	-7.590793305183649	-4.071920161808354	-0.6521702611080857	-14.934825459750336	-4.456743941928593	-6.325967862860114	-2.702753094678227	-1.0346556515026415
rs381194	1.6732223499279044	3.0391284662540667	4.750073799488811	-0.3436618832975587	-3.491115226290203	0.5678536296530815	1.309024403057347	-1.9463687133913967	5.483321557178074	-9.645261189098736
rs3813570	-10.682598669936828	-12.039633660722156	-8.607870895630741	-3.369339574716022	-1.7051694410092613	0.7604964582509046	-3.0952064812661386	0.2009232563442745	0.156361885757898	0.0409270934072863
rs3813582	2.6218109841780657	2.589243476848918	3.097807898154001	4.4541554804822825	1.2480588090865263	5.657632554602256	5.722841823940772	2.7603096512963643	-1.2260919497574514	0.2903665999906741
rs3890715	-6.554955827657971	-6.185302519803374	-3.694697508550577	-2.919058389870853	-0.1618407361469018	0.1844816111809557	-2.7050440011417987	-0.2423694152864531	0.0247410118159011	0.0481634229345335
rs3894347	9.524589865989046	9.937456838008847	8.025359352475892	3.4035180857729848	1.1446458576269196	0.16062393209116	2.6226674638620184	-1.3484602508944896	1.3568214383495265	-1.520662481979422
rs3918286	-1.355266660913581	-3.188890030897187	-4.135500405094404	2.0337489521588115	5.713859581721119	1.845538837971736	0.4634564835429013	4.221030455835314	-3.0017151562073936	10.39032553450457
rs401681	-9.945023269185338	-8.808947929774446	-3.8522015996453	-4.014444748466826	1.2467074641996116	1.3468059107653276	-2.0097424091122424	3.360135368579331	0.428427880100203	-3.538288650695782
rs4075003	0.3725225899089083	-2.931894536584231	-3.4347244470886853	-0.9773108842425928	3.1166797968291524	0.9805753856797412	-0.1697911586584483	5.16485710589982	-8.554350205043875	13.330610378093995
rs41309931	7.17942136305753	3.1867145869901856	0.2185171961642444	5.708074846995489	0.2518717801676987	3.412997302417199	6.002104841811333	1.32019529053946	-1.8954657739326064	6.207459312040411
rs421629	-10.337602969465047	-9.328622358408197	-4.356969829880868	-4.324170729261548	1.3279604670448248	1.075759725392682	-2.2699177509688324	3.349595325950594	0.4029706722952194	-3.338070089652013
rs4242384	-2.2078878674551845	3.787278670872804	9.409069028055042	-4.591042421069498	-5.373607404699121	-2.857873693824712	-2.279447353261676	-6.260707601016839	9.4344886484427	-26.42129418104237
rs4389112	6.485775808007974	6.114844607607438	3.4938463657824763	2.9916554432043507	-0.051445295418646	0.2516005939698479	2.7422650928128256	-0.289725965708758	0.4506649182320995	0.214238712558466
rs4431561	-1.915835602932681	3.602598227533875	9.165280657010864	-4.521163136834039	-5.260527107879924	-2.7675874043004227	-2.291840267160011	-5.887274802920421	8.960664382383703	-25.518795256289778
rs4439216	2.4407018489477594	2.0305844090499647	2.060560326580743	2.5436283946964235	1.8036618144013128	5.513278896927728	1.7521622412839146	5.187041730527027	-0.8530526325177421	6.567106122267081
rs4460498	0.5141453296200434	-1.378999483606581	-7.713889871890667	-4.234731759739293	-0.6519607942214015	-15.11142287903948	-4.632019086263706	-6.449163993862279	-2.8557020015726287	-1.0276518788996962
rs452384	-10.091493761391233	-9.215096247302611	-4.127324721010179	-4.129421368680997	1.5665957286459702	1.0848666158560871	-1.924951080449067	3.602064983459961	-0.7939019135875746	-3.051554743078111
rs455433	-10.013907122823536	-9.274450514589171	-4.189764845582972	-4.11364982778758	1.4908914696818705	1.068511172729292	-1.945856640098823	3.5838953990737115	-0.7255798196047529	-3.09103191947959
rs4672832	-0.208424477215295	0.9130055403697795	5.4946376971682165	2.697746462151432	0.2341139556112389	11.118716464515057	2.7717851803080444	6.955387475359086	2.065985395556992	0.9258421174904876
rs4674161	0.6042922592280668	-0.8073380549694361	-5.288329580948607	-1.4450951853578369	-1.2296797940324196	-9.510549078521976	-1.9132582374926983	-5.817374133419063	-2.9231144780051963	-1.1714280323085682
rs4721190	4.2927253497237485	3.778142609968571	1.4464027007857894	5.775134997019356	3.131928919755918	5.047303635714993	8.889322245931863	3.167583253176457	-1.464077875881124	3.737163199286632
rs4721264	4.574601543201392	3.649030917082025	1.0197741721772895	6.574698116819091	3.248576078787293	5.55687611373958	9.366095673362068	3.820909495077686	-1.2542862479224384	3.8197271901619936
rs4721282	4.3999370323337255	3.587347307127632	0.969241579277701	6.343502538257476	3.088057076639994	5.36767771344906	9.069821927683137	3.8383912296759006	-1.3432316199119427	3.82088033113863
rs4721287	4.470739098353654	3.592954728042526	0.9371442075814728	6.383554511519709	3.1908110662774405	5.429577799421792	9.175692863052682	3.8858242680047206	-1.465532009987762	4.138349197893592
rs4733579	3.594332482062036	5.003259790805117	4.007307403896933	4.718899739765153	0.4087187994313343	5.816520351182124	8.281442063760101	1.8893599706047184	0.6238133804500768	-0.8555948431306785
rs4733801	3.588870953984781	4.735819395074336	3.771142871535457	4.7866896641389385	0.3600787448245524	5.84077889411367	8.228271898930842	1.9711009568882691	0.5388488236518068	-0.7759416438469505
rs4871022	-2.827150310728757	1.2141341824601648	5.66795722472663	-2.4305897499344886	-2.085418186457813	-1.368231606853379	-2.51135780034032	-3.895754403673211	7.748045466514647	-18.35654604558716
rs4871803	-0.8582296849821329	3.654339697504905	5.882396467736295	-1.821166806164536	-2.594069603740865	-2.0434006544920726	-0.5218336967899821	-4.7367887544700364	6.009310353483824	-15.268069846916642
rs4872171	-0.7194675605130283	2.342318885216196	6.986910943154402	-3.13558275220425	-2.547572677039012	-0.1927921725202753	-1.290658804822965	-3.5743417522986944	6.050027056794233	-13.759246258692327
rs4872175	-0.4925974922561235	2.838730614934984	7.3833719340119455	-3.1842696990449246	-3.019347994955343	-0.5640457314209268	-1.30080563131245	-4.083747085803535	6.221703600877524	-14.842011871346234
rs4887083	9.502870539104444	9.889010823536417	7.880191097078046	3.36198163142598	1.2110364918657084	0.0169653888053748	2.554689333271914	-1.301471286432719	1.2940856368523894	-1.5142343593735723
rs4903078	3.932171101619871	4.5000427822691575	2.2900302350576016	5.541407151504521	3.175352988181055	3.506433216671756	6.48825914993234	1.6219959884536002	-1.1147436122491603	1.8364877830741475
rs4955678	-3.871914716701036	-2.8537996652939364	-2.183605183792744	-6.803828272854444	-2.481025178744128	-6.648387618642996	-8.706661020942299	-1.07986360347772	0.5363811623039367	-2.0808119592705774
rs55914512	0.0638042546684172	-3.103641472144932	-5.321738877398685	1.8719248583820087	3.5114628375280077	0.3470834726577059	0.6769440388520196	2.2002786887431	-7.965241354775758	11.86960478722276
rs55958997	13.917490267892433	14.500687507488962	12.034990728252552	3.745246002118236	2.1348295984478955	-0.4626589663022489	3.463933237934793	-1.1424399724186078	0.1165333170688665	-1.1877970667252455
rs57004880	0.4874534920786952	0.7082477161425088	3.283026139363632	2.8561339424769034	2.1504665363845783	6.956459301970768	2.1189519779573893	5.862755667767134	-0.1212120571094028	1.529307278050677
rs578776	-10.719008563122433	-11.389503813186655	-8.52039610387586	-3.436726734442193	-2.807096498410776	0.630165702226189	-2.6858320480315574	-1.104426350929714	1.3002046793727806	-0.7606239988280709
rs58021857	6.551264788829693	6.158693504976545	3.4545903157996625	3.225893403484063	0.0777708720464747	0.3724413547483329	2.979253876291508	0.1958081220574479	0.0865042329567805	0.1142011462357646
rs6122154	-4.2805070271289365	-1.5151288242942045	2.418705837905242	-5.404471374239752	-1.4298908331982232	-2.440844418263657	-6.032048080915303	-1.5491582477849029	3.878551744469085	-8.172253684018605
rs61349367	0.8272981660930805	0.6021154962254494	1.415853226525262	3.0423092125608298	1.2081225784434058	6.665070122429926	2.7978050288297416	5.551200599404639	0.1301751196848333	4.114737898229531
rs61574973	9.966479539058817	8.842531155209347	3.317189578319156	5.303512468816925	-0.4616734823706763	-0.1613620033349998	3.671507672314683	-2.5414287739079846	-0.2441960129142101	4.4483003545656405
rs62113214	-2.561507980012555	1.0777698261391664	4.330497585007284	-4.057903878506931	-4.616677199509243	-3.4668903253238543	-2.223544307044019	-7.484686548803832	11.411539869381256	-17.563184922388754
rs6470494	-2.1342990286057533	1.7890984002970134	4.1519691825394425	-2.5158565581290917	-3.1973465419495177	-3.603341815046696	-2.6861632940619127	-5.556602990443203	5.81771682037483	-15.921278021237072
rs6475315	2.537797256832335	2.0693943440050098	2.2146962961475403	3.0282281908755504	1.5236045203996509	6.710615030700514	3.6906247451300898	5.77945460446138	-1.4648676286713471	6.456242800375953
rs6478437	0.7152200625614585	-1.1254205444538254	-7.495841513467617	-4.077712296205876	-0.6063219180028688	-14.924777842830204	-4.406260125499568	-6.352357009654964	-2.710688921367873	-1.0909729482310544
rs6478469	0.7383037396254276	-1.655204687142755	-9.146569225099714	-4.552055547323923	-0.958529681279766	-17.02078258251848	-5.385682545679296	-7.929686119327799	-3.222248122742449	-1.220256551001948
rs6495341	-5.748215637889231	-5.470174327210303	-4.78137654213029	-2.1861400402357334	-0.6475491580815568	-0.3672569295794219	-2.339591461271216	2.153914545670679	-0.761335504877956	1.044875471674585
rs6533183	0.8121728244770565	-2.8115978874117245	-5.200734833383415	0.8113732292997754	2.568044969905464	-0.3490527802951278	-1.521211612086952	4.2106628262843016	-5.772210025976064	12.72366911950095
rs6579001	-0.2455759246174215	3.796819766796351	4.834809045200713	0.5432668018852275	-2.8914248600339967	-1.4433195618079724	-0.0782237843208805	-5.8413373062921625	8.640013337827122	-15.888613350924208
rs6606667	3.5542195568542825	4.281712269574616	1.5227226517605366	5.945466026024535	-0.2587899596195421	5.113419833197756	9.413107755647104	0.5890714398228962	0.8945364219858807	-0.95042059805804
rs6706673	-0.170108500804567	0.8422498369021887	5.369817008808007	2.558712909009746	0.477210766851332	10.828357764326848	2.5407032630016024	6.649490503138342	1.8100717001226048	0.8199164714317854
rs6745321	0.5174340629231942	-1.1104070899882383	-5.503006003238873	-1.444758769668126	-1.5505943486326497	-9.308484872464309	-2.274600473208708	-5.959720406740788	-2.66959572320353	-0.7729928166585309
rs6793160	-3.725512281976765	-2.7896435093075667	-1.473490739418549	-6.247833784776117	-2.3320595464051803	-5.847772176716826	-7.458059665892279	-1.9730464787702124	1.0406470980403435	-3.356219913835113
rs6950151	4.267082262726193	3.7021093984638993	1.3143877972175504	5.605685663706938	3.038312809981879	4.822873765621628	8.586397480314785	3.343007639581206	-1.4937463217947629	3.74507842410534
rs7018368	-2.777198665628272	1.2226904954378377	5.607980597801388	-2.4108101366107046	-2.0933151134433508	-1.38788007594971	-2.526325590737893	-3.912801413946252	7.8406626276991185	-18.27786797754718
rs7022148	0.7675322339502001	-1.6518374801375364	-9.146013892699902	-4.594344658905521	-0.9555202512377576	-17.086080175337134	-5.440600625976997	-7.929180539930523	-3.225758254071508	-1.2376688553810915
rs7022807	2.383043347075905	1.96633279338027	2.0748827832863257	2.535909695798257	1.551723733890969	5.590847013659219	1.8414561790219328	5.020463266422253	-0.6790051344077065	6.222020759343288
rs7030280	0.6597331223628481	-2.198029278205253	-9.215246872664594	-6.00868785781915	-1.2286286754776432	-19.27714070300275	-6.356012892972284	-8.342954673145135	-6.204414830605091	-0.92251517897269
rs7049054	0.7663070167289886	-1.0742896893553664	-7.477051417523089	-4.062691289811104	-0.6465103343299654	-14.919753591454205	-4.3859239289255365	-6.365819184173208	-2.666634466537194	-1.1030597401596345
rs7109219	0.3399753022968104	3.6210236091346166	3.9874360786436953	0.6533188160545998	-2.7547598058975384	-1.296528993091209	0.4029696885677085	-5.721478291054527	7.884441256720722	-13.101474097889884
rs7126857	-0.3715255565577158	3.3673063964264567	4.242992829565507	0.2519192598447862	-3.2138145277209644	-1.6695817503978232	-0.2115820297796252	-5.8895498606414165	8.386638890898432	-15.264065239453778
rs7127599	-0.5745259245878623	3.9330881746034194	5.260072604123495	0.5312876905947118	-2.929752460189172	-1.4081902917048448	-0.1879347380943839	-5.821632287299172	8.86734347636853	-15.924824672241634
rs71277158	-2.117614689696904	0.2464216499920406	3.189316287439039	-2.15868069300873	-1.2184142077823774	-2.464919646818353	-2.3215708348741724	-3.530011911061784	5.976675972184967	-12.29522146600745
rs71455921	0.333079313337697	3.5932684252400486	4.205581157055399	0.6404237283374791	-2.758110005699413	-1.4059183671072155	0.4228733313755063	-5.926016525547616	7.951674689310951	-13.1216789441945
rs7164665	-6.39433060650939	-6.500417675740187	-5.156968748869628	-1.536612524247391	-1.1690950547302603	0.1551191418169719	-1.401810307770052	-0.7141184365430785	0.6016390738908058	-0.7050551205688284
rs7167768	0.9132203604722912	0.737017543626374	-0.4356113586521359	4.503334583540564	1.006016476619526	6.247843974067846	4.534521480774678	5.206765891725838	-1.7935625641051915	5.599844648751282
rs7181245	-10.44613803702316	-11.812344910673987	-8.606510217322276	-3.2322026275680376	-1.6131488760697346	0.709564431428715	-3.0183832332384566	0.3144764480260709	0.1294813896741966	0.2609373632520365
rs7182716	-6.99125479486407	-6.227254422815454	-3.577467926709605	-3.351475844404181	-0.0753578388034379	-0.0718401801614173	-3.031730493130637	0.7659572391356908	0.2194919762842893	-0.3981383947901371
rs7202240	2.545064540404447	2.4963576766946587	3.0107317631557797	4.346035656588492	1.214507578790154	5.457506330300063	5.563733172563433	2.636330893820483	-1.2403893424323096	0.1842710085706409
rs7223387	-2.291050379951987	1.2720428578758112	3.130677508216998	-2.1309031787266943	-1.256914497515777	-2.0088794885409165	-2.226271187581193	-4.328888223938266	5.831938519373631	-10.899405570918796
rs72730359	4.465407610619505	4.421402018862637	1.465629067938074	6.830182825716147	2.703875669041244	4.627775739401755	8.936709518655556	0.5975829587299781	0.8591344739279172	0.5157428505490519
rs72853920	0.8640001503293335	-2.412449285345543	-2.911088298145072	-0.7655198461545455	2.8425652890843818	0.8311981460272755	0.0474404273343197	4.810680290764287	-8.077849050391228	12.179741728134363
rs72853954	0.2999989612839401	-2.9872399717757103	-3.4473660803027726	-1.0275663837884896	3.1105914638308305	1.0425705387306028	-0.2044953276434116	5.227270196388653	-8.614611203408632	13.447887750880318
rs72853963	-0.0126877948892998	-3.930700926319074	-4.797251594183282	-0.9360956201272898	2.8143087529164306	1.1035814488367404	-0.2988574867770264	5.621321670274325	-9.328677449897103	15.01245934458786
rs7395734	-0.2026311217843953	3.924895688642799	4.852057308107475	0.5774024944650668	-2.8960651501941017	-1.4573332865398054	-0.1002295937496241	-5.732881844287653	8.697912509409388	-15.881787962995803
rs7467618	2.3954062415921515	2.016984772220291	2.0784143198217064	2.5219743078772527	1.82264968027032	5.511953216473331	1.7526042291838202	5.170545479757645	-0.8489086157279684	6.543589295635131
rs74723351	0.1092870496867618	0.5402157538479626	3.528313862523424	3.0232750429899045	2.1827025257002783	7.925538040429775	2.0379654375896896	6.380078170241481	0.0452234552659114	2.057678538554225
rs75321049	0.3846045258852273	-1.6283467853590607	-3.411090497682712	0.4686912761113516	0.4852570491865367	-0.2063564256687046	0.4814748532515353	2.0688712525639223	-5.519026665049212	6.611105394187908
rs75753382	1.945986746640347	-1.3804669728621977	-4.146523536893525	1.440236430544037	2.1133597282942653	0.7951481120184571	0.979581877043662	4.014057620638559	-7.265446497233726	11.603793163975268
rs77050488	-1.9967147019458111	0.1394986753071251	2.742814113406385	-3.2594279227498832	-1.495688002040571	-1.5181688371447408	-1.9441456386854443	-2.890931046076531	5.601675771830944	-7.720168363239391
rs77247065	-3.959491841394062	-5.695711843671875	-2.7052132417425763	-7.321059248472671	-0.8089046558919166	-6.039171016040647	-13.501556881830146	2.147520645802115	-1.2140523221689727	0.2824362075243989
rs77515996	3.673982057845362	4.152752327141122	1.4983898638245496	4.808571474409925	1.4320101752021446	5.1122954520711215	6.86592302294306	2.450440615524941	-0.624834238282121	5.561085900802428
rs7791463	-0.8037931043696263	1.1329382329773183	4.306511019064642	-3.253226085413177	-3.451057921558395	-1.817315963747466	-2.0686811060286883	-3.890842248204347	6.457730185246685	-11.851185511528746
rs7804318	-0.6431116711899976	1.259283739164901	4.033325504809582	-2.8244620828559133	-3.0583507583935075	-1.9320742664603796	-1.941107789595513	-3.711910663836563	6.356840569905824	-11.53219060051618
rs7808528	-0.6067124803870191	1.4644260069949102	4.677840056117063	-3.0223971941350998	-3.226942952196385	-1.2702351963168423	-1.7724425208533876	-3.477611584947002	6.614154410418756	-11.792955699235518
rs7823297	-1.626385344629988	0.9326361630900856	3.762417908477065	-2.0179183480188407	-1.684692429558011	-1.8060115415857263	-0.926403445710566	-3.975550130250581	5.795379446896654	-13.343721637785908
rs7823764	-1.6341754972488494	0.9232938380546528	3.751432213979677	-2.006886000922145	-1.6776672133499482	-1.8058782409283367	-0.9375015579789472	-3.973152465156701	5.7887418165493525	-13.332190884460868
rs7829619	-0.616407927255019	2.3724313474844787	7.046930130988801	-3.077185494750566	-2.464183901961665	-0.0749325970559502	-1.1859765085563378	-3.510045147856532	5.992509516365944	-13.587869962750352
rs7835802	-0.5633264032096276	2.502780196959302	7.053362215126093	-3.0165018202910483	-2.386406386222517	-0.173519608410665	-1.1539629402213734	-3.508651118417377	5.828947101702393	-13.488486893716455
rs7837328	-2.7642022113170817	1.1967139500508694	5.278627353903469	-2.63322789601247	-2.017805198725026	-2.355076261452345	-2.754772990105125	-4.597773310128295	7.754635464440154	-18.35203231853281
rs7837688	-2.099243507979025	4.005500526245235	9.063986606204647	-3.689712563248281	-4.659643349933448	-2.4684739458620784	-1.7948270035831886	-5.870676442668929	9.070940327301594	-24.85773991963293
rs78416151	-3.970298745213928	-5.689562878064778	-2.6453802556531607	-7.446394592148562	-0.8536792376286563	-6.085996043355685	-13.605530379969029	2.138009387778708	-1.1589202715176845	0.1930928319378443
rs7847010	0.6542323141703689	-1.703967082994036	-9.125977070589755	-4.49037440723811	-0.7386605229185941	-17.042294452451138	-5.336810878948399	-7.924724388402398	-4.763949751750326	-1.1557485450431937
rs7847259	0.2307051866318894	-1.8332252768814723	-7.577720411769699	-3.6602430465848097	-0.8409717874377042	-13.826694134090996	-4.390988787167475	-6.013170456729713	-4.427438939289486	-0.5211089384027311
rs7847449	0.2053928887644144	-0.8370645598978148	-4.869180679172358	-3.915158997438056	-0.6760280303328883	-12.01761249022508	-3.902577843358622	-5.857987169172503	-1.6491087138506164	-2.4859429912244626
rs7856768	2.539491474495436	1.9075820223888256	2.0452402912391934	2.2891615528245755	0.9949446011426454	5.8144468357244055	2.1175249320252925	5.178452524438414	-1.3796153033209946	6.899284202466832
rs78738909	3.0667872783436767	2.951260124519735	1.7877440870747254	4.012643008719162	0.1221792482314399	5.851473611057966	6.294972204782513	2.4119946148938607	0.5585627427149804	3.5724240690330182
rs79350921	3.81906885111822	4.259271513543979	1.461898160545831	5.01454736382528	1.4514943102597369	5.209172718150168	7.039008040581225	2.4077525288588264	-0.39590964349369	5.58092960903686
rs79357683	0.5953962107533833	-1.509423485307798	-3.472900945155446	0.4838548155516923	0.530126555313842	-0.3206889428408587	0.4461721149265766	2.096579880312095	-5.8934864767849	7.130155315145921
rs79485992	2.0134807055061823	-1.98037738575426	-4.566169442199682	2.2938432851248063	2.045933333353384	3.036914618905883	4.020779455054622	4.134514915262246	-8.780439064887759	13.702624419364149
rs8024048	-6.406581252007857	-5.999028335954735	-4.21945911645523	-2.908122632720715	-0.5355907213024377	-0.0661481284627677	-3.094233458951153	1.8370238860217576	-0.0890186220918654	0.4533606920580644
rs8027972	9.651789015390555	10.32036952557184	8.754274006385643	3.3341575652631854	1.4648264167138003	0.4565828062914064	2.460871202432105	-0.5739092618136951	1.2150644206594128	-1.4905289958828194
rs8028410	-5.730024230932624	-5.487979947160749	-4.796073492283357	-2.209682232728375	-0.6822190071720009	-0.3749407126447424	-2.349489143740885	2.117616116136288	-0.7346310401634346	1.061465661015155
rs8035093	-6.461936301031723	-6.11379765013151	-3.4786885384165585	-3.226449053644926	-0.0081377313862423	-0.4536150329342519	-2.980419598107763	-0.1903516568017942	-0.125601428159853	-0.0022894139557717
rs8035775	0.7939597162279859	0.6813507585211757	-0.6780348450625855	4.563356052543986	0.8010140205251199	6.261281316013746	4.568524247789994	4.539767364014479	-0.2804867546235395	5.553791236149006
rs8038920	5.938828903274417	6.099350594344691	5.009576414581295	2.052852918686145	0.7415133843552542	-0.8775179010598787	1.3757399984824397	-1.87946387976455	0.3504043804299685	-1.9166182038710864
rs8041064	-6.540324546398283	-6.117857203493267	-3.426001016440108	-3.2243332965474325	-0.0388892389063063	-0.3548434007685489	-2.9998196187625688	-0.1266276993815687	-0.0851589242870877	-0.0681460018224841
rs8041818	-5.672854431888643	-5.453494739082123	-4.75834737428179	-2.1907013053455504	-0.7127075842951519	-0.3420933088220907	-2.3403268721198587	2.1690513786176253	-0.7820191265738236	1.0860713163117155
rs8042374	-11.044554615821063	-12.144202974595	-8.993525958372661	-3.334521062180944	-2.457954656528418	0.9831464433367056	-2.938002058135219	-0.3049598239673717	1.852681891301763	-0.8656351224396517
rs8079315	-2.1376721853747696	1.156804067706202	5.4875593061450445	-2.686629806228628	-2.7604143449733543	-1.920380524252077	-1.3373554840411326	-5.3068254508338	3.357736981134915	-15.136220737945878
rs8192482	14.436695997905243	15.385112540562584	12.8089078692532	3.917193577278742	2.5531002457835448	-0.4548076381081877	3.052781750976102	-0.5378835061357295	0.94699269352381	-1.5593823882272502
rs847560	0.9522664676259652	-1.2490192294545857	-4.215205206909294	2.901151639533999	2.870045254552665	1.621612116074055	1.8067238108927504	3.2673994706346634	-6.084942079645142	11.734985250889771
rs874839	-0.3113305965515153	0.6319619116430039	4.850305341015374	2.4182903099390534	0.3197955290940684	10.748443258197748	2.44779624562036	7.285711611138151	2.150047464216413	1.7304521865536835
rs894672	0.1515382069531533	-1.933373542433376	-7.6617704268614	-3.666275065148104	-0.8322719946642634	-13.807307468250572	-4.40077639310107	-5.992635611578778	-4.462677921603994	-0.4576444046042864
rs9271627	3.3449983280329256	6.329922999025191	6.491247685473037	-1.7272462772431925	1.0224736597835702	-1.4833377101499234	-1.5840724153551202	0.6443662413569364	1.0494772677690347	-1.769647567576328
rs9272462	2.5399957864265548	5.56075381243206	5.976150679157361	-1.5574893232210756	0.8608643789966561	-0.4621709752066835	-0.9181928276893762	0.4756664947376067	1.2709244650646914	-1.905961504829589
rs951266	14.370946465586504	15.384475136379132	12.720207368588015	3.956557243988738	2.623043618997146	-0.3655685599096966	3.1342495073614383	-0.5098868963197632	1.1996741004517606	-1.4258690887156038
rs9656816	-1.9375493318576835	3.927373136181007	8.915257605415256	-3.5617857093587952	-4.427822208185566	-2.1574300734824	-1.4677566670844229	-6.540413466026918	14.717075381096066	-22.900028202152928
rs9878797	-3.4780352462749744	-2.078600392512865	-0.8314873475640907	-5.562639641020585	-2.6978310184740883	-4.739617614919272	-6.424796083809243	-1.9417093206830964	0.9990436238332944	-3.855266081676973
rs9882101	-3.1740231478658707	-2.42292252085283	-1.3993871476268194	-6.133016472953503	-2.227854654494724	-5.935072401149078	-7.128172580601377	-1.8756368165583648	0.5538588860373114	-2.6414279061464776
rs9911515	-2.4235980644147164	1.5756127081119953	6.606755593778692	-3.6132310590623655	-4.377554780771229	-2.2458882197381143	-2.0411783573219364	-6.21198598961743	4.458347363150815	-18.41488088450855
rs9920493	-6.531823491141201	-6.097234532526794	-3.413342189535815	-3.226772739282288	-0.0433788982784034	-0.3601249449307128	-3.007823944722816	-0.1472838331803785	-0.0747264603950651	-0.0691340711071692
