RSID,CHR,POS,REF,ALT,BETA,SE,P,ref_smk,alt_smk,b_smk,se_smk,p_smk,ref_lungca,alt_lungca,b_lungca,se_lungca,p_lungca,ref_copd,alt_copd,b_copd,se_copd,p_copd,CHR38,POS38
rs7359276,15,78892661,C,T,-0.0007,0.0021,0.83,C,T,0.140003,0.0258173,5.86597e-08,C,T,0.225095,0.0194132,4.37119e-31,C,T,0.144834,0.0116395,1.52055e-35,15.0,78600319
rs7938812,11,112911004,T,G,0.0185,0.0018,2.71e-33,T,G,0.00315534,0.0237911,0.894489,T,G,0.00679515,0.0176635,0.700459,T,G,0.0395375,0.0107422,0.000232707,11.0,113040282
rs13030994,2,146143090,G,A,0.0157,0.00176,3.5599999999999995e-24,G,A,0.0114132,0.023139,0.62184,G,A,0.0406345,0.0171751,0.0179866,G,A,0.0303336,0.0104482,0.00369335,2.0,145385522
rs3001723,1,44037685,G,A,0.0148,0.00192,8.12e-18,G,A,0.0300988,0.0260488,0.247895,G,A,-0.0318018,0.0193577,0.100415,G,A,0.0052097,0.0117527,0.657567,1.0,43572014
rs6788098,3,85624131,A,T,-0.0126,0.00183,1.91e-17,A,T,0.0190998,0.0254761,0.453428,A,T,0.0151002,0.0189164,0.42472,A,T,0.0332242,0.01153,0.0039574,3.0,85574981
rs240963,6,111644332,T,C,-0.0175,0.00242,2.16e-17,T,C,-0.00762328,0.0289325,0.792177,T,C,-0.0400402,0.0214846,0.0623677,T,C,-0.0217177,0.0130298,0.0955586,6.0,111323129
rs1565735,8,27426077,T,A,-0.0176,0.00227,3.42e-17,T,A,-0.0943193,0.0329504,0.00420359,T,A,-0.10363,0.0246108,2.54536e-05,T,A,-0.0761001,0.0148483,2.97249e-07,8.0,27568560
rs1004787,2,45159091,G,A,0.0124,0.00178,5.27e-17,G,A,0.00894172,0.0237356,0.706381,G,A,-0.00651331,0.0175691,0.710842,G,A,0.0274578,0.0106647,0.0100344,2.0,44931952
rs1435741,15,47935843,G,A,0.0134,0.00178,2.64e-16,G,A,0.0424748,0.0236164,0.0720941,G,A,-0.00134346,0.0175514,0.938986,G,A,0.0298122,0.0106227,0.00500864,15.0,47643646
rs266047,2,104088751,G,A,-0.0134,0.00178,3.36e-16,G,A,-0.00740047,0.0230794,0.748473,G,A,-0.0107397,0.0170912,0.52976,G,A,0.00416996,0.0103692,0.687573,2.0,103472293
rs12356821,10,104563808,G,C,0.0141,0.00256,6.27e-15,G,C,0.10809,0.0310985,0.000509495,G,C,0.0208304,0.0235427,0.376269,G,C,0.0454923,0.0142159,0.00137382,10.0,102804051
rs12474587,2,162802993,G,T,0.0111,0.00179,1.25e-14,G,T,0.0357106,0.0240686,0.137888,G,T,0.00843443,0.0178603,0.636753,G,T,-0.0102236,0.0108305,0.345185,2.0,161946483
rs10233018,7,117523709,A,G,0.0132,0.00177,2.75e-14,A,G,0.0326887,0.0233541,0.161605,A,G,0.032227,0.0173961,0.0639484,A,G,0.022096,0.0105475,0.0361793,7.0,117883655
rs13261666,8,59814666,G,T,-0.0113,0.00176,3.9e-14,G,T,-0.0652139,0.0229105,0.00442069,G,T,-0.0271879,0.0170699,0.11122,G,T,-0.0177648,0.0103458,0.0859607,8.0,58902107
rs4044321,5,166989513,A,G,-0.0131,0.00185,6.08e-14,A,G,-0.0313728,0.0242522,0.195801,A,G,-0.0239059,0.018048,0.185313,A,G,-0.0283808,0.0109011,0.00922848,5.0,167562508
